amount,date,file_id,reg_id,recipient.name,lobbyist,line
500.0,2008-01-17,download_cache/1750-Supplemental-Statement-20080820-7.xml,5781,Benjamin Cardin,,87
187.5,2008-01-31,download_cache/1750-Supplemental-Statement-20080820-7.xml,5781,ARNOLD & PORTER PARTNERS PAC,,88
250.0,2008-01-31,download_cache/1750-Supplemental-Statement-20080820-7.xml,5781,ARNOLD & PORTER PARTNERS PAC,,89
450.0,2008-01-31,download_cache/1750-Supplemental-Statement-20080820-7.xml,5781,ARNOLD & PORTER PARTNERS PAC,,91
500.0,2008-02-05,download_cache/1750-Supplemental-Statement-20080820-7.xml,5781,Chris Van Hollen,,92
1000.0,2008-02-25,download_cache/1750-Supplemental-Statement-20080820-7.xml,5781,Hillary Clinton,,93
2300.0,2008-02-25,download_cache/1750-Supplemental-Statement-20080820-7.xml,5781,Hillary Clinton,,94
250.0,2008-03-29,download_cache/1750-Supplemental-Statement-20080820-7.xml,5781,LAROCCO FOR SENATE,,95
500.0,2008-04-22,download_cache/1750-Supplemental-Statement-20080820-7.xml,5781,Ike Skelton,,96
187.5,2008-04-23,download_cache/1750-Supplemental-Statement-20080820-7.xml,5781,ARNOLD & PORTER PARTNERS PAC,,97
190.0,2008-04-23,download_cache/1750-Supplemental-Statement-20080820-7.xml,5781,ARNOLD & PORTER PARTNERS PAC,,98
250.0,2008-04-23,download_cache/1750-Supplemental-Statement-20080820-7.xml,5781,ARNOLD & PORTER PARTNERS PAC,,99
750.0,2008-04-23,download_cache/1750-Supplemental-Statement-20080820-7.xml,5781,ARNOLD & PORTER PARTNERS PAC,,100
450.0,2008-04-23,download_cache/1750-Supplemental-Statement-20080820-7.xml,5781,ARNOLD & PORTER PARTNERS PAC,,101
187.5,2008-06-17,download_cache/1750-Supplemental-Statement-20080820-7.xml,5781,ARNOLD & PORTER PARTNERS PAC,,102
190.0,2008-06-17,download_cache/1750-Supplemental-Statement-20080820-7.xml,5781,ARNOLD & PORTER PARTNERS PAC,,103
250.0,2008-06-17,download_cache/1750-Supplemental-Statement-20080820-7.xml,5781,ARNOLD & PORTER PARTNERS PAC,,104
450.0,2008-06-17,download_cache/1750-Supplemental-Statement-20080820-7.xml,5781,ARNOLD & PORTER PARTNERS PAC,,106
100.0,2008-03-26,download_cache/2165-Supplemental-Statement-20080805-7.xml,5781,Hillary Clinton,"Budner, Amy L.",107
1000.0,2008-01-28,download_cache/2165-Supplemental-Statement-20080805-7.xml,5781,John McCain,"John Deschauer, Jr.",108
500.0,2008-02-27,download_cache/2165-Supplemental-Statement-20080805-7.xml,5781,John Murtha,"John Deschauer, Jr.",109
500.0,2008-03-11,download_cache/2165-Supplemental-Statement-20080805-7.xml,5781,Jack Kingston,"John Deschauer, Jr.",110
500.0,2008-03-12,download_cache/2165-Supplemental-Statement-20080805-7.xml,5781,FRIENDS OF PAT HERRITY,"John Deschauer, Jr.",111
1000.0,2008-03-21,download_cache/2165-Supplemental-Statement-20080805-7.xml,5781,DOUG DENNENY FOR CONGRESS,"John Deschauer, Jr.",112
1000.0,2008-04-08,download_cache/2165-Supplemental-Statement-20080805-7.xml,5781,John McCain,"John Deschauer, Jr.",113
250.0,2008-04-23,download_cache/2165-Supplemental-Statement-20080805-7.xml,5781,Joe Donnelly,"John Deschauer, Jr.",114
500.0,2008-05-29,download_cache/2165-Supplemental-Statement-20080805-7.xml,5781,Niki Tsongas,"John Deschauer, Jr.",115
150.0,2008-06-02,download_cache/2165-Supplemental-Statement-20080805-7.xml,5781,FAIRFAX COUNTY REPUBLICAN COMMITTEE,"John Deschauer, Jr.",116
1000.0,2008-06-23,download_cache/2165-Supplemental-Statement-20080805-7.xml,5781,Daniel Inouye,"John Deschauer, Jr.",117
1000.0,2008-06-30,download_cache/2165-Supplemental-Statement-20080805-7.xml,5781,John McCain,"Gavin, Stephen D.",118
500.0,2008-06-24,download_cache/2165-Supplemental-Statement-20080805-7.xml,5781,John Shadegg,"Gavin, Stephen D.",119
500.0,2008-04-28,download_cache/2165-Supplemental-Statement-20080805-7.xml,5781,Shelley Capito,"Gavin, Stephen D.",120
100.0,2008-04-21,download_cache/2165-Supplemental-Statement-20080805-7.xml,5781,CHRISTINE GREGOIRE FOR GOVERNOR,"Kapla, Robert S.",121
100.0,2008-06-10,download_cache/2165-Supplemental-Statement-20080805-7.xml,5781,Glenn Nye,"Kapla, Robert S.",122
500.0,2008-02-05,download_cache/2165-Supplemental-Statement-20080805-7.xml,5781,John Conyers,"Boggs, Thomas H.",123
1000.0,2008-04-15,download_cache/2165-Supplemental-Statement-20080805-7.xml,5781,Lindsey Graham,"Boggs, Thomas H.",124
1000.0,2008-04-23,download_cache/2165-Supplemental-Statement-20080805-7.xml,5781,Baron Hill,"Boggs, Thomas H.",125
1000.0,2008-04-30,download_cache/2165-Supplemental-Statement-20080805-7.xml,5781,Norman Dicks,"Boggs, Thomas H.",126
5000.0,2008-06-16,download_cache/2165-Supplemental-Statement-20080805-7.xml,5781,AMERIPAC,"Boggs, Thomas H.",127
500.0,2008-06-27,download_cache/2165-Supplemental-Statement-20080805-7.xml,5781,DANPAC,"Boggs, Thomas H.",128
25.0,2008-01-04,download_cache/2165-Supplemental-Statement-20080805-7.xml,5781,DEMOCRATIC NATIONAL COMMITTEE,"Glassco, Timothy A.",129
25.0,2008-02-04,download_cache/2165-Supplemental-Statement-20080805-7.xml,5781,DEMOCRATIC NATIONAL COMMITTEE,"Glassco, Timothy A.",130
25.0,2008-03-04,download_cache/2165-Supplemental-Statement-20080805-7.xml,5781,DEMOCRATIC NATIONAL COMMITTEE,"Glassco, Timothy A.",131
25.0,2008-04-08,download_cache/2165-Supplemental-Statement-20080805-7.xml,5781,DEMOCRATIC NATIONAL COMMITTEE,"Glassco, Timothy A.",132
25.0,2008-05-05,download_cache/2165-Supplemental-Statement-20080805-7.xml,5781,DEMOCRATIC NATIONAL COMMITTEE,"Glassco, Timothy A.",133
25.0,2008-06-06,download_cache/2165-Supplemental-Statement-20080805-7.xml,5781,DEMOCRATIC NATIONAL COMMITTEE,"Glassco, Timothy A.",134
300.0,2008-06-13,download_cache/2165-Supplemental-Statement-20080805-7.xml,5781,Nancy Boyda,"Glassco, Timothy A.",135
150.0,2008-03-28,download_cache/2165-Supplemental-Statement-20080805-7.xml,5781,SLATTERY FOR SENATE,"Glassco, Timothy A.",136
250.0,2008-06-17,download_cache/2165-Supplemental-Statement-20080805-7.xml,5781,Donald Cazayoux,"Glassco, Timothy A.",137
100.0,2008-03-12,download_cache/2165-Supplemental-Statement-20080805-7.xml,5781,Jon Tester,"Glassco, Timothy A.",138
200.0,2008-02-20,download_cache/2165-Supplemental-Statement-20080805-7.xml,5781,Glenn Nye,"Glassco, Timothy A.",139
250.0,2008-06-18,download_cache/2165-Supplemental-Statement-20080805-7.xml,5781,Glenn Nye,"Glassco, Timothy A.",140
200.0,2008-02-27,download_cache/2165-Supplemental-Statement-20080805-7.xml,5781,Patrick Murphy,"Glassco, Timothy A.",141
75.0,2008-05-07,download_cache/2165-Supplemental-Statement-20080805-7.xml,5781,Travis Childers,"Glassco, Timothy A.",142
125.0,2008-02-19,download_cache/2165-Supplemental-Statement-20080805-7.xml,5781,KANSAS DEMOCRATIC PARTY,"Glassco, Timothy A.",143
200.0,2008-02-13,download_cache/2165-Supplemental-Statement-20080805-7.xml,5781,Nancy Boyda,"Glassco, Timothy A.",144
250.0,2008-03-18,download_cache/2165-Supplemental-Statement-20080805-7.xml,5781,Dennis Moore,"Glassco, Timothy A.",145
50.0,2008-06-09,download_cache/2165-Supplemental-Statement-20080805-7.xml,5781,MIKE SLATTERY FOR KANSAS HOUSE,"Glassco, Timothy A.",146
50.0,2008-05-20,download_cache/2165-Supplemental-Statement-20080805-7.xml,5781,DENNENY FOR CONGRESS,"Glassco, Timothy A.",147
250.0,2008-06-21,download_cache/2165-Supplemental-Statement-20080805-7.xml,5781,Mary Landrieu,"Glassco, Timothy A.",148
100.0,2008-03-31,download_cache/2165-Supplemental-Statement-20080805-7.xml,5781,Mary Landrieu,"Glassco, Timothy A.",149
250.0,2008-02-27,download_cache/2165-Supplemental-Statement-20080805-7.xml,5781,Patrick Murphy,Laurence Harris,150
1000.0,2008-03-06,download_cache/2165-Supplemental-Statement-20080805-7.xml,5781,DSCC,Laurence Harris,151
1000.0,2008-03-06,download_cache/2165-Supplemental-Statement-20080805-7.xml,5781,Tom Udall,Laurence Harris,152
10000.0,2008-03-20,download_cache/2165-Supplemental-Statement-20080805-7.xml,5781,Mary Landrieu,Laurence Harris,153
1000.0,2008-03-31,download_cache/2165-Supplemental-Statement-20080805-7.xml,5781,Edward Markey,Laurence Harris,154
1000.0,2008-04-09,download_cache/2165-Supplemental-Statement-20080805-7.xml,5781,Frederick Boucher,Laurence Harris,155
1000.0,2008-04-10,download_cache/2165-Supplemental-Statement-20080805-7.xml,5781,Mark Udall,Laurence Harris,156
500.0,2008-04-14,download_cache/2165-Supplemental-Statement-20080805-7.xml,5781,Doris Matsui,Laurence Harris,157
500.0,2008-04-17,download_cache/2165-Supplemental-Statement-20080805-7.xml,5781,Christopher Dodd,Laurence Harris,158
500.0,2008-04-23,download_cache/2165-Supplemental-Statement-20080805-7.xml,5781,Joe Donnelly,Laurence Harris,159
1000.0,2008-05-01,download_cache/2165-Supplemental-Statement-20080805-7.xml,5781,Frank Lautenberg,Laurence Harris,160
500.0,2008-05-07,download_cache/2165-Supplemental-Statement-20080805-7.xml,5781,Byron Dorgan,Laurence Harris,161
1000.0,2008-05-14,download_cache/2165-Supplemental-Statement-20080805-7.xml,5781,Carolyn Maloney,Laurence Harris,162
15000.0,2008-06-06,download_cache/2165-Supplemental-Statement-20080805-7.xml,5781,DCCC,Laurence Harris,163
500.0,2008-06-09,download_cache/2165-Supplemental-Statement-20080805-7.xml,5781,Nancy Boyda,Laurence Harris,164
500.0,2008-06-17,download_cache/2165-Supplemental-Statement-20080805-7.xml,5781,James Clyburn,Laurence Harris,165
500.0,2008-06-19,download_cache/2165-Supplemental-Statement-20080805-7.xml,5781,Edolphus Towns,Laurence Harris,166
1000.0,2008-06-24,download_cache/2165-Supplemental-Statement-20080805-7.xml,5781,DSCC,Laurence Harris,167
500.0,2008-06-26,download_cache/2165-Supplemental-Statement-20080805-7.xml,5781,Frank Kratovil,Laurence Harris,168
2000.0,2008-01-14,download_cache/2165-Supplemental-Statement-20080805-7.xml,5781,Shelley Berkley,,169
1500.0,2008-02-01,download_cache/2165-Supplemental-Statement-20080805-7.xml,5781,John Conyers,,170
2000.0,2008-02-26,download_cache/2165-Supplemental-Statement-20080805-7.xml,5781,Timothy Bishop,,171
1000.0,2008-02-27,download_cache/2165-Supplemental-Statement-20080805-7.xml,5781,Stephanie Jones,,172
2500.0,2008-03-10,download_cache/2165-Supplemental-Statement-20080805-7.xml,5781,Artur Davis,,173
500.0,2008-03-10,download_cache/2165-Supplemental-Statement-20080805-7.xml,5781,John Tanner,,174
2000.0,2008-03-10,download_cache/2165-Supplemental-Statement-20080805-7.xml,5781,James Moran,,175
1500.0,2008-03-10,download_cache/2165-Supplemental-Statement-20080805-7.xml,5781,Mike Thompson,,176
2000.0,2008-03-18,download_cache/2165-Supplemental-Statement-20080805-7.xml,5781,Joe Donnelly,,177
1000.0,2008-03-18,download_cache/2165-Supplemental-Statement-20080805-7.xml,5781,Yvette Clarke,,178
1500.0,2008-03-18,download_cache/2165-Supplemental-Statement-20080805-7.xml,5781,Mark Udall,,179
3500.0,2008-03-18,download_cache/2165-Supplemental-Statement-20080805-7.xml,5781,Mark Udall,,180
3500.0,2008-03-27,download_cache/2165-Supplemental-Statement-20080805-7.xml,5781,Mitch McConnell,,181
1500.0,2008-03-27,download_cache/2165-Supplemental-Statement-20080805-7.xml,5781,Mitch McConnell,,182
1500.0,2008-03-28,download_cache/2165-Supplemental-Statement-20080805-7.xml,5781,Baron Hill,,183
1000.0,2008-03-27,download_cache/2165-Supplemental-Statement-20080805-7.xml,5781,Baron Hill,,184
2000.0,2008-03-27,download_cache/2165-Supplemental-Statement-20080805-7.xml,5781,Jason Altmire,,185
2000.0,2008-03-27,download_cache/2165-Supplemental-Statement-20080805-7.xml,5781,Joe Courtney,,186
3500.0,2008-03-31,download_cache/2165-Supplemental-Statement-20080805-7.xml,5781,Edward Markey,,187
1500.0,2008-03-31,download_cache/2165-Supplemental-Statement-20080805-7.xml,5781,Edward Markey,,188
5000.0,2008-04-09,download_cache/2165-Supplemental-Statement-20080805-7.xml,5781,George Miller,,189
1000.0,2008-04-09,download_cache/2165-Supplemental-Statement-20080805-7.xml,5781,Robert Wittman,,190
1500.0,2008-04-09,download_cache/2165-Supplemental-Statement-20080805-7.xml,5781,Frederick Boucher,,191
2500.0,2008-04-18,download_cache/2165-Supplemental-Statement-20080805-7.xml,5781,Doris Matsui,,192
3500.0,2008-04-18,download_cache/2165-Supplemental-Statement-20080805-7.xml,5781,Tom Udall,,193
1500.0,2008-04-18,download_cache/2165-Supplemental-Statement-20080805-7.xml,5781,Tom Udall,,194
1000.0,2008-04-23,download_cache/2165-Supplemental-Statement-20080805-7.xml,5781,Shelley Capito,,195
1500.0,2008-04-23,download_cache/2165-Supplemental-Statement-20080805-7.xml,5781,Shelley Capito,,196
1250.0,2008-04-23,download_cache/2165-Supplemental-Statement-20080805-7.xml,5781,Michael Crapo,,197
3500.0,2008-04-24,download_cache/2165-Supplemental-Statement-20080805-7.xml,5781,Elizabeth Dole,,198
1500.0,2008-04-24,download_cache/2165-Supplemental-Statement-20080805-7.xml,5781,Elizabeth Dole,,199
1000.0,2008-04-28,download_cache/2165-Supplemental-Statement-20080805-7.xml,5781,Thelma Drake,,200
1500.0,2008-04-28,download_cache/2165-Supplemental-Statement-20080805-7.xml,5781,Thelma Drake,,201
5000.0,2008-04-28,download_cache/2165-Supplemental-Statement-20080805-7.xml,5781,John Sununu,,202
1000.0,2008-04-28,download_cache/2165-Supplemental-Statement-20080805-7.xml,5781,Thomas Petri,,203
1000.0,2008-04-30,download_cache/2165-Supplemental-Statement-20080805-7.xml,5781,Norman Dicks,,204
1500.0,2008-04-30,download_cache/2165-Supplemental-Statement-20080805-7.xml,5781,Norman Dicks,,205
1000.0,2008-05-07,download_cache/2165-Supplemental-Statement-20080805-7.xml,5781,Charles Boustany,,206
2500.0,2008-05-08,download_cache/2165-Supplemental-Statement-20080805-7.xml,5781,Frank Wolf,,207
3500.0,2008-05-09,download_cache/2165-Supplemental-Statement-20080805-7.xml,5781,Pat Roberts,,208
1500.0,2008-05-09,download_cache/2165-Supplemental-Statement-20080805-7.xml,5781,Pat Roberts,,209
3500.0,2008-05-09,download_cache/2165-Supplemental-Statement-20080805-7.xml,5781,Walter Herger,,210
1500.0,2008-05-09,download_cache/2165-Supplemental-Statement-20080805-7.xml,5781,Walter Herger,,211
3500.0,2008-06-03,download_cache/2165-Supplemental-Statement-20080805-7.xml,5781,Carolyn Maloney,,212
1500.0,2008-06-03,download_cache/2165-Supplemental-Statement-20080805-7.xml,5781,Carolyn Maloney,,213
2500.0,2008-06-03,download_cache/2165-Supplemental-Statement-20080805-7.xml,5781,Frank Wolf,,214
1000.0,2008-06-03,download_cache/2165-Supplemental-Statement-20080805-7.xml,5781,Vern Buchanan,,215
500.0,2008-06-03,download_cache/2165-Supplemental-Statement-20080805-7.xml,5781,Frank Wolf,,216
5000.0,2008-06-03,download_cache/2165-Supplemental-Statement-20080805-7.xml,5781,James Clyburn,,217
5000.0,2008-06-03,download_cache/2165-Supplemental-Statement-20080805-7.xml,5781,Daniel Inouye,,218
15000.0,2008-06-03,download_cache/2165-Supplemental-Statement-20080805-7.xml,5781,DEMOCRATIC CONGRESSIONAL CAMPAIGN COMM,,219
2000.0,2008-06-16,download_cache/2165-Supplemental-Statement-20080805-7.xml,5781,Lisa Murkowski,,220
1000.0,2008-06-17,download_cache/2165-Supplemental-Statement-20080805-7.xml,5781,Donald Cazayoux,,221
2500.0,2008-06-18,download_cache/2165-Supplemental-Statement-20080805-7.xml,5781,Edolphus Towns,,222
7500.0,2008-06-20,download_cache/2165-Supplemental-Statement-20080805-7.xml,5781,2008 SENATORS CLASSIC COMMITTEE,,223
2500.0,2008-06-20,download_cache/2165-Supplemental-Statement-20080805-7.xml,5781,Gerald Connolly,,224
3500.0,2008-06-23,download_cache/2165-Supplemental-Statement-20080805-7.xml,5781,Roger Wicker,,225
1500.0,2008-06-23,download_cache/2165-Supplemental-Statement-20080805-7.xml,5781,Roger Wicker,,226
1000.0,2008-06-25,download_cache/2165-Supplemental-Statement-20080805-7.xml,5781,Sander Levin,,227
1000.0,2008-06-25,download_cache/2165-Supplemental-Statement-20080805-7.xml,5781,John Shadegg,,228
1500.0,2008-06-25,download_cache/2165-Supplemental-Statement-20080805-7.xml,5781,Dave Camp,,229
500.0,2008-02-02,download_cache/2216-Supplemental-Statement-20080527-7.xml,5781,EVANS 2008,,230
500.0,2008-03-23,download_cache/2216-Supplemental-Statement-20080527-7.xml,5781,COMMITTEE TO ELECT BRIAN CHADWICK,,231
1300.0,2007-10-19,download_cache/2244-Supplemental-Statement-20080331-6.xml,5781,John McCain,,232
500.0,2007-10-18,download_cache/2244-Supplemental-Statement-20080331-6.xml,5781,Hillary Clinton,,233
1000.0,2007-10-18,download_cache/2244-Supplemental-Statement-20080331-6.xml,5781,Hillary Clinton,,234
1000.0,2007-11-10,download_cache/2244-Supplemental-Statement-20080331-6.xml,5781,Mike Johanns,,235
1000.0,2007-11-13,download_cache/2244-Supplemental-Statement-20080331-6.xml,5781,Roy Blunt,,236
1000.0,2007-12-07,download_cache/2244-Supplemental-Statement-20080331-6.xml,5781,Ileana Ros-Lehtinen,,237
1000.0,2007-12-13,download_cache/2244-Supplemental-Statement-20080331-6.xml,5781,Henry Waxman,,238
1000.0,2008-01-07,download_cache/2244-Supplemental-Statement-20080331-6.xml,5781,Mike Johanns,,239
500.0,2008-02-10,download_cache/2244-Supplemental-Statement-20080331-6.xml,5781,MITCH DANIELS FOR U.S. GOVERNON (INDIANA),,240
500.0,2008-02-10,download_cache/2244-Supplemental-Statement-20080331-6.xml,5781,WIL ARMSTRONG FOR U.S. CONGRESS (COLORADO),,241
500.0,2008-02-11,download_cache/2244-Supplemental-Statement-20080331-6.xml,5781,WIL ARMSTRONG FOR U.S. CONGRESS (COLORADO),,242
500.0,2008-02-17,download_cache/2244-Supplemental-Statement-20080331-6.xml,5781,Lee Terry,,243
250.0,2008-02-19,download_cache/2244-Supplemental-Statement-20080331-6.xml,5781,Mary Bono Mack,,244
1000.0,2008-02-19,download_cache/2244-Supplemental-Statement-20080331-6.xml,5781,Mark Warner,,245
1000.0,2008-02-26,download_cache/2244-Supplemental-Statement-20080331-6.xml,5781,Jefferson Sessions,,246
250.0,2008-02-27,download_cache/2244-Supplemental-Statement-20080331-6.xml,5781,Mark Warner,,247
300.0,2008-02-29,download_cache/2244-Supplemental-Statement-20080331-6.xml,5781,NEBRASKA REPUBLICAN PARTY,,248
750.0,2007-09-13,download_cache/2244-Supplemental-Statement-20080331-6.xml,5781,PAC,,249
1750.0,2008-01-24,download_cache/2244-Supplemental-Statement-20080331-6.xml,5781,PAC,,250
1000.0,2008-01-28,download_cache/2244-Supplemental-Statement-20080331-6.xml,5781,PAC,,251
1500.0,2008-02-06,download_cache/2244-Supplemental-Statement-20080331-6.xml,5781,PAC,,252
1000.0,2008-03-03,download_cache/2244-Supplemental-Statement-20080930-7.xml,5781,Mark Warner,,253
1000.0,2008-03-04,download_cache/2244-Supplemental-Statement-20080930-7.xml,5781,Patty Murray,,254
2300.0,2008-03-05,download_cache/2244-Supplemental-Statement-20080930-7.xml,5781,John McCain,,255
500.0,2008-03-12,download_cache/2244-Supplemental-Statement-20080930-7.xml,5781,Thomas Petri,,256
1000.0,2008-03-27,download_cache/2244-Supplemental-Statement-20080930-7.xml,5781,Hillary Clinton,,257
2000.0,2008-04-09,download_cache/2244-Supplemental-Statement-20080930-7.xml,5781,REPUBLICAN NATIONAL COMMITTEE,,258
500.0,2008-04-09,download_cache/2244-Supplemental-Statement-20080930-7.xml,5781,Barbara Mikulski,,259
100.0,2008-04-14,download_cache/2244-Supplemental-Statement-20080930-7.xml,5781,BILL CAHIR FOR U.S. CONGRESS,,260
1000.0,2008-04-14,download_cache/2244-Supplemental-Statement-20080930-7.xml,5781,Richard Durbin,,261
1000.0,2008-04-23,download_cache/2244-Supplemental-Statement-20080930-7.xml,5781,Lindsey Graham,,262
100.0,2008-05-01,download_cache/2244-Supplemental-Statement-20080930-7.xml,5781,NELS ACKERSON FOR U.S. CONGRESS,,263
200.0,2008-05-22,download_cache/2244-Supplemental-Statement-20080930-7.xml,5781,NELS ACKERSON FOR U.S. CONGRESS,,264
1000.0,2008-06-06,download_cache/2244-Supplemental-Statement-20080930-7.xml,5781,ACLI PAC (AMERICAN COMMERCIAL LINES INC.),,265
1000.0,2008-06-12,download_cache/2244-Supplemental-Statement-20080930-7.xml,5781,DEMOCRATIC CONGRESSIONAL CAMPAIGN COMMITTEE,,266
1000.0,2008-06-13,download_cache/2244-Supplemental-Statement-20080930-7.xml,5781,DEMOCRATIC SENATORIAL CAMPAIGN COMMITTEE,,267
1000.0,2008-06-15,download_cache/2244-Supplemental-Statement-20080930-7.xml,5781,COVANTA ENERGY PAC,,268
1000.0,2008-06-24,download_cache/2244-Supplemental-Statement-20080930-7.xml,5781,Ike Skelton,,269
500.0,2008-06-27,download_cache/2244-Supplemental-Statement-20080930-7.xml,5781,Amy Klobuchar,,270
1000.0,2008-07-01,download_cache/2244-Supplemental-Statement-20080930-7.xml,5781,Elizabeth Dole,,271
250.0,2008-07-17,download_cache/2244-Supplemental-Statement-20080930-7.xml,5781,DEMOCRATIC SENATORIAL CAMPAIGN COMMITTEE,,272
250.0,2008-07-24,download_cache/2244-Supplemental-Statement-20080930-7.xml,5781,NELS ACKERSON FOR U.S. CONGRESS,,273
150.0,2008-07-30,download_cache/2244-Supplemental-Statement-20080930-7.xml,5781,NELS ACKERSON FOR U.S. CONGRESS,,274
50.0,2008-07-31,download_cache/2244-Supplemental-Statement-20080930-7.xml,5781,JON POWERS FOR U.S. CONGRESS,,275
500.0,2008-05-15,download_cache/2244-Supplemental-Statement-20080930-7.xml,5781,PAC,,276
1500.0,2008-06-02,download_cache/2244-Supplemental-Statement-20080930-7.xml,5781,PAC,,277
750.0,2008-06-11,download_cache/2244-Supplemental-Statement-20080930-7.xml,5781,PAC,,278
500.0,2008-07-22,download_cache/2244-Supplemental-Statement-20080930-7.xml,5781,PAC,,279
1000.0,2008-05-23,download_cache/3028-Supplemental-Statement-20080730-7.xml,5781,"NATIONAL ASSOCIATION OF CHAIN DRUG STORES, INC. POLITICAL ACTION COMMITTEE",,448
2500.0,2008-05-14,download_cache/3028-Supplemental-Statement-20080730-7.xml,5781,Marsha Blackburn,,447
1000.0,2008-05-20,download_cache/3028-Supplemental-Statement-20080730-7.xml,5781,John Larson,,446
22.54,2008-05-14,download_cache/3028-Supplemental-Statement-20080730-7.xml,5781,Marsha Blackburn,,445
141.16,2008-05-13,download_cache/3028-Supplemental-Statement-20080730-7.xml,5781,Ben Nelson,,444
28.16,2008-05-13,download_cache/3028-Supplemental-Statement-20080730-7.xml,5781,Ben Nelson,,443
350.0,2008-05-02,download_cache/3028-Supplemental-Statement-20080730-7.xml,5781,DICKSTEIN SHAPIRO LLP PAC,,440
1040.0,2008-05-08,download_cache/3028-Supplemental-Statement-20080730-7.xml,5781,DICKSTEIN SHAPIRO LLP PAC,,439
1160.0,2008-05-08,download_cache/3028-Supplemental-Statement-20080730-7.xml,5781,DICKSTEIN SHAPIRO LLP PAC,,438
680.0,2008-05-06,download_cache/3028-Supplemental-Statement-20080730-7.xml,5781,DICKSTEIN SHAPIRO LLP PAC,,437
780.0,2008-05-16,download_cache/3028-Supplemental-Statement-20080730-7.xml,5781,DICKSTEIN SHAPIRO LLP PAC,,436
430.0,2008-05-02,download_cache/3028-Supplemental-Statement-20080730-7.xml,5781,DICKSTEIN SHAPIRO LLP PAC,,435
1200.0,2008-05-04,download_cache/3028-Supplemental-Statement-20080730-7.xml,5781,DICKSTEIN SHAPIRO LLP PAC,,434
3040.0,2008-05-08,download_cache/3028-Supplemental-Statement-20080730-7.xml,5781,DICKSTEIN SHAPIRO LLP PAC,,433
900.0,2008-05-06,download_cache/3028-Supplemental-Statement-20080730-7.xml,5781,DICKSTEIN SHAPIRO LLP PAC,,432
1080.0,2008-05-09,download_cache/3028-Supplemental-Statement-20080730-7.xml,5781,DICKSTEIN SHAPIRO LLP PAC,,431
720.0,2008-05-30,download_cache/3028-Supplemental-Statement-20080730-7.xml,5781,DICKSTEIN SHAPIRO LLP PAC,,430
1080.0,2008-05-08,download_cache/3028-Supplemental-Statement-20080730-7.xml,5781,DICKSTEIN SHAPIRO LLP PAC,,429
1790.0,2008-05-08,download_cache/3028-Supplemental-Statement-20080730-7.xml,5781,DICKSTEIN SHAPIRO LLP PAC,,428
680.0,2008-05-02,download_cache/3028-Supplemental-Statement-20080730-7.xml,5781,DICKSTEIN SHAPIRO LLP PAC,,427
2560.0,2008-05-08,download_cache/3028-Supplemental-Statement-20080730-7.xml,5781,DICKSTEIN SHAPIRO LLP PAC,,426
680.0,2008-05-16,download_cache/3028-Supplemental-Statement-20080730-7.xml,5781,DICKSTEIN SHAPIRO LLP PAC,,425
1280.0,2008-05-08,download_cache/3028-Supplemental-Statement-20080730-7.xml,5781,DICKSTEIN SHAPIRO LLP PAC,,424
680.0,2008-05-30,download_cache/3028-Supplemental-Statement-20080730-7.xml,5781,DICKSTEIN SHAPIRO LLP PAC,,423
58.57,2008-05-31,download_cache/3028-Supplemental-Statement-20080730-7.xml,5781,DICKSTEIN SHAPIRO LLP PAC,,422
780.0,2008-05-08,download_cache/3028-Supplemental-Statement-20080730-7.xml,5781,DICKSTEIN SHAPIRO LLP PAC,,421
1200.0,2008-05-16,download_cache/3028-Supplemental-Statement-20080730-7.xml,5781,DICKSTEIN SHAPIRO LLP PAC,,420
475.0,2008-05-16,download_cache/3028-Supplemental-Statement-20080730-7.xml,5781,DICKSTEIN SHAPIRO LLP PAC,,418
415.8,2008-04-01,download_cache/3028-Supplemental-Statement-20080730-7.xml,5781,John Tanner,,417
1000.0,2008-04-16,download_cache/3028-Supplemental-Statement-20080730-7.xml,5781,Mark Pryor,,416
1000.0,2008-04-12,download_cache/3028-Supplemental-Statement-20080730-7.xml,5781,Max Baucus,,415
1500.0,2008-04-12,download_cache/3028-Supplemental-Statement-20080730-7.xml,5781,Max Baucus,,414
1987.28,2008-04-01,download_cache/3028-Supplemental-Statement-20080730-7.xml,5781,John Tanner,,413
96.92,2008-04-01,download_cache/3028-Supplemental-Statement-20080730-7.xml,5781,John Tanner,,412
1500.0,2008-04-17,download_cache/3028-Supplemental-Statement-20080730-7.xml,5781,Charles Melancon,,411
342.62,2008-04-30,download_cache/3028-Supplemental-Statement-20080730-7.xml,5781,DICKSTEIN SHAPIRO LLP,,410
338.25,2008-03-13,download_cache/3028-Supplemental-Statement-20080730-7.xml,5781,Saxby Chambliss,,409
387.42,2008-03-04,download_cache/3028-Supplemental-Statement-20080730-7.xml,5781,Norm Coleman,,408
1000.0,2008-03-06,download_cache/3028-Supplemental-Statement-20080730-7.xml,5781,ORRINPAC,,407
2000.0,2008-03-25,download_cache/3028-Supplemental-Statement-20080730-7.xml,5781,MITAKIDES FOR CONGRESS,,406
1500.0,2008-03-13,download_cache/3028-Supplemental-Statement-20080730-7.xml,5781,Sander Levin,,405
114.95,2008-03-13,download_cache/3028-Supplemental-Statement-20080730-7.xml,5781,Saxby Chambliss,,404
119.96,2008-03-04,download_cache/3028-Supplemental-Statement-20080730-7.xml,5781,Norm Coleman,,403
1992.62,2008-03-04,download_cache/3028-Supplemental-Statement-20080730-7.xml,5781,Norm Coleman,,402
1000.0,2008-03-05,download_cache/3028-Supplemental-Statement-20080730-7.xml,5781,Howard Coble,,401
2046.8,2008-03-13,download_cache/3028-Supplemental-Statement-20080730-7.xml,5781,Saxby Chambliss,,400
60.74,2008-03-31,download_cache/3028-Supplemental-Statement-20080730-7.xml,5781,"DICKSTEIN SHAPIRO, LLP",,399
1000.0,2008-02-26,download_cache/3028-Supplemental-Statement-20080730-7.xml,5781,Walter Herger,,398
1000.0,2008-02-26,download_cache/3028-Supplemental-Statement-20080730-7.xml,5781,John Shimkus,,397
30.48,2008-02-27,download_cache/3028-Supplemental-Statement-20080730-7.xml,5781,Virgil Goode,,396
304.75,2008-02-27,download_cache/3028-Supplemental-Statement-20080730-7.xml,5781,Virgil Goode,,395
1000.0,2008-02-26,download_cache/3028-Supplemental-Statement-20080730-7.xml,5781,Mike Rogers,,394
1000.0,2008-02-12,download_cache/3028-Supplemental-Statement-20080730-7.xml,5781,John Spratt,,393
1000.0,2008-02-13,download_cache/3028-Supplemental-Statement-20080730-7.xml,5781,John Dingell,,392
2500.0,2008-02-26,download_cache/3028-Supplemental-Statement-20080730-7.xml,5781,Mike Johanns,,391
2106.16,2008-02-27,download_cache/3028-Supplemental-Statement-20080730-7.xml,5781,Virgil Goode,,390
1500.0,2008-02-27,download_cache/3028-Supplemental-Statement-20080730-7.xml,5781,Max Baucus,,389
1000.0,2008-02-27,download_cache/3028-Supplemental-Statement-20080730-7.xml,5781,Max Baucus,,388
5000.0,2008-02-13,download_cache/3028-Supplemental-Statement-20080730-7.xml,5781,FREEDOM PROJECT; THE,,387
1000.0,2008-02-19,download_cache/3028-Supplemental-Statement-20080730-7.xml,5781,Elizabeth Dole,,386
4000.0,2008-02-19,download_cache/3028-Supplemental-Statement-20080730-7.xml,5781,Elizabeth Dole,,385
58.61,2008-02-27,download_cache/3028-Supplemental-Statement-20080730-7.xml,5781,Virgil Goode,,384
4.51,2008-02-29,download_cache/3028-Supplemental-Statement-20080730-7.xml,5781,"DICKSTEIN SHAPIRO, LLP",,383
661.98,2008-01-28,download_cache/3028-Supplemental-Statement-20080730-7.xml,5781,Mark Warner,,382
1096.21,2008-01-28,download_cache/3028-Supplemental-Statement-20080730-7.xml,5781,Mark Warner,,381
1000.0,2008-01-30,download_cache/3028-Supplemental-Statement-20080730-7.xml,5781,John Rockefeller,,380
241.81,2008-01-28,download_cache/3028-Supplemental-Statement-20080730-7.xml,5781,Mark Warner,,379
1000.0,2008-01-31,download_cache/3028-Supplemental-Statement-20080730-7.xml,5781,Michael Castle,,378
59.41,2008-01-31,download_cache/3028-Supplemental-Statement-20080730-7.xml,5781,"DICKSTEIN SHAPIRO, LLP",,377
2500.0,2008-05-13,download_cache/3028-Supplemental-Statement-20080730-7.xml,5781,Ben Nelson,,449
1000.0,2008-05-20,download_cache/3028-Supplemental-Statement-20080730-7.xml,5781,Ed Perlmutter,,450
5000.0,2008-05-13,download_cache/3028-Supplemental-Statement-20080730-7.xml,5781,SEARCHLIGHT LEADERSHIP FUND,,451
1494.9,2008-05-13,download_cache/3028-Supplemental-Statement-20080730-7.xml,5781,Ben Nelson,,452
28.08,2008-05-13,download_cache/3028-Supplemental-Statement-20080730-7.xml,5781,Ben Nelson,,453
1000.0,2008-05-08,download_cache/3028-Supplemental-Statement-20080730-7.xml,5781,John Cornyn,,454
780.0,2008-06-13,download_cache/3028-Supplemental-Statement-20080730-7.xml,5781,DICKSTEIN SHAPIRO LLP PAC,,456
375.0,2008-06-09,download_cache/3028-Supplemental-Statement-20080730-7.xml,5781,DICKSTEIN SHAPIRO LLP PAC,,457
410.0,2008-06-10,download_cache/3028-Supplemental-Statement-20080730-7.xml,5781,DICKSTEIN SHAPIRO LLP PAC,,458
660.0,2008-06-10,download_cache/3028-Supplemental-Statement-20080730-7.xml,5781,DICKSTEIN SHAPIRO LLP PAC,,459
900.0,2008-06-09,download_cache/3028-Supplemental-Statement-20080730-7.xml,5781,DICKSTEIN SHAPIRO LLP PAC,,460
660.0,2008-06-09,download_cache/3028-Supplemental-Statement-20080730-7.xml,5781,DICKSTEIN SHAPIRO LLP PAC,,461
1000.0,2008-06-23,download_cache/3028-Supplemental-Statement-20080730-7.xml,5781,COMMITTEE FOR RESTORING CONFIDENCE IN GOVERNMENT PAC,,463
1000.0,2008-06-09,download_cache/3028-Supplemental-Statement-20080730-7.xml,5781,Daniel Inouye,,464
2000.0,2008-06-12,download_cache/3028-Supplemental-Statement-20080730-7.xml,5781,DEMOCRATIC CONGRESSIONAL CAMPAIGN COMMITTEE,,465
2500.0,2008-06-21,download_cache/3028-Supplemental-Statement-20080730-7.xml,5781,DEMOCRATIC CONGRESSIONAL CAMPAIGN COMMITTEE,,466
85.94,2008-06-25,download_cache/3028-Supplemental-Statement-20080730-7.xml,5781,John Cornyn,,467
2500.0,2008-06-30,download_cache/3028-Supplemental-Statement-20080730-7.xml,5781,NEXT CENTURY FUND,,468
1398.1,2008-06-25,download_cache/3028-Supplemental-Statement-20080730-7.xml,5781,John Cornyn,,469
1015.96,2008-06-25,download_cache/3028-Supplemental-Statement-20080730-7.xml,5781,John Cornyn,,470
1000.0,2008-06-04,download_cache/3028-Supplemental-Statement-20080730-7.xml,5781,THOROUGHBRED PAC,,471
1500.0,2008-06-16,download_cache/3028-Supplemental-Statement-20080730-7.xml,5781,Todd Tiahrt,,472
1000.0,2008-06-16,download_cache/3028-Supplemental-Statement-20080730-7.xml,5781,Todd Tiahrt,,473
2300.0,,download_cache/3634-Supplemental-Statement-20081117-8.xml,5781,John McCain,Robert Rehg,474
500.0,2008-04-23,download_cache/3634-Supplemental-Statement-20081117-8.xml,5781,Hillary Clinton,Roquena Domingo,475
250.0,,download_cache/3634-Supplemental-Statement-20081117-8.xml,5781,John McCain,Craig Brownstein,476
50.0,,download_cache/3634-Supplemental-Statement-20081117-8.xml,5781,Barack Obama,David Wallace,477
1000.0,2007-10-24,download_cache/3712-Supplemental-Statement-20080414-6.xml,5781,DEMOCRATIC SENATORIAL CAMPAIGN COMMITTEE,Charles Baker III,4578
1000.0,2007-11-29,download_cache/3712-Supplemental-Statement-20080414-6.xml,5781,Christopher Murphy,Charles Baker III,4579
1000.0,2007-12-20,download_cache/3712-Supplemental-Statement-20080414-6.xml,5781,Peter Welch,Charles Baker III,4580
1500.0,2008-01-15,download_cache/3712-Supplemental-Statement-20080414-6.xml,5781,DLA PIPER PAC,Charles Baker III,4581
1000.0,2008-01-17,download_cache/3712-Supplemental-Statement-20080414-6.xml,5781,Edward Markey,Charles Baker III,4582
35.0,2008-05-30,download_cache/3712-Supplemental-Statement-20081014-7.xml,5781,EVANS 2008,Kristen Abrams,4887
33.34,2008-06-22,download_cache/3712-Supplemental-Statement-20081014-7.xml,5781,DLA PIPER PAC,Kristen Abrams,4888
33.34,2008-07-15,download_cache/3712-Supplemental-Statement-20081014-7.xml,5781,DLA PIPER PAC,Kristen Abrams,4889
33.34,2008-08-17,download_cache/3712-Supplemental-Statement-20081014-7.xml,5781,DLA PIPER PAC,Kristen Abrams,4890
16.67,2008-03-30,download_cache/3712-Supplemental-Statement-20081014-7.xml,5781,DLA PIPER PAC,Cristina Antelo,4891
100.0,2008-04-09,download_cache/3712-Supplemental-Statement-20081014-7.xml,5781,James Clyburn,Cristina Antelo,4892
50.0,2008-04-23,download_cache/3712-Supplemental-Statement-20081014-7.xml,5781,COMMITTEE TO ELECT CLAY MIDDLETON,Cristina Antelo,4893
16.67,2008-04-27,download_cache/3712-Supplemental-Statement-20081014-7.xml,5781,DLA PIPER PAC,Cristina Antelo,4894
16.67,2008-05-25,download_cache/3712-Supplemental-Statement-20081014-7.xml,5781,DLA PIPER PAC,Cristina Antelo,4895
25.0,2008-05-29,download_cache/3712-Supplemental-Statement-20081014-7.xml,5781,EVANS 2008,Cristina Antelo,4896
25.0,2008-06-03,download_cache/3712-Supplemental-Statement-20081014-7.xml,5781,CAROL KENT CAMPAIGN FOR TEXAS STATE LEGISLATURE,Cristina Antelo,4897
16.67,2008-06-22,download_cache/3712-Supplemental-Statement-20081014-7.xml,5781,DLA PIPER PAC,Cristina Antelo,4898
16.67,2008-07-15,download_cache/3712-Supplemental-Statement-20081014-7.xml,5781,DLA PIPER PAC,Cristina Antelo,4899
100.0,2008-07-26,download_cache/3712-Supplemental-Statement-20081014-7.xml,5781,RICK NORIEGA FOR SENATE,Cristina Antelo,4900
16.67,2008-08-17,download_cache/3712-Supplemental-Statement-20081014-7.xml,5781,DLA PIPER PAC,Cristina Antelo,4901
416.67,2008-03-30,download_cache/3712-Supplemental-Statement-20081014-7.xml,5781,DLA PIPER PAC,Richard Armey,4902
416.67,2008-04-27,download_cache/3712-Supplemental-Statement-20081014-7.xml,5781,DLA PIPER PAC,Richard Armey,4903
416.67,2008-05-25,download_cache/3712-Supplemental-Statement-20081014-7.xml,5781,DLA PIPER PAC,Richard Armey,4904
416.67,2008-06-22,download_cache/3712-Supplemental-Statement-20081014-7.xml,5781,DLA PIPER PAC,Richard Armey,4905
416.67,2008-07-15,download_cache/3712-Supplemental-Statement-20081014-7.xml,5781,DLA PIPER PAC,Richard Armey,4906
416.67,2008-08-17,download_cache/3712-Supplemental-Statement-20081014-7.xml,5781,DLA PIPER PAC,Richard Armey,4907
1666.0,2008-03-14,download_cache/3712-Supplemental-Statement-20081014-7.xml,5781,DLA PIPER PAC,Berl Bernhard,4908
2500.0,2008-04-15,download_cache/3712-Supplemental-Statement-20081014-7.xml,5781,TWENTY-FIRST CENTURY DEMOCRATS,Berl Bernhard,4909
1666.0,2008-03-14,download_cache/3712-Supplemental-Statement-20081014-7.xml,5781,DLA PIPER PAC,Matthew Bernstein,4910
5000.0,2007-12-31,download_cache/3718-Supplemental-Statement-20080606-8.xml,5781,FRIENDS OF EMIL JONES,,1402
1500.0,2008-01-16,download_cache/3718-Supplemental-Statement-20080606-8.xml,5781,BOB FIORETTI FOR 2ND WARD ALDERMAN,,1403
1000.0,2008-01-29,download_cache/3718-Supplemental-Statement-20080606-8.xml,5781,CITIZENS FOR DAN CRONIN,,1404
1000.0,2007-11-08,download_cache/3718-Supplemental-Statement-20080606-8.xml,5781,TEXANS FOR RICK PERRY GOVERNOR,,1405
500.0,,download_cache/3718-Supplemental-Statement-20080606-8.xml,5781,RITTER FOR GOVERNOR,,1406
1000.0,2007-11-20,download_cache/3718-Supplemental-Statement-20080606-8.xml,5781,GUTIERREZ FOR STATE REPRESENTATIVE,,1407
2500.0,2008-11-28,download_cache/3718-Supplemental-Statement-20080606-8.xml,5781,TEXANS FOR JOE STRAUSS,,1408
1000.0,2008-02-21,download_cache/3718-Supplemental-Statement-20080606-8.xml,5781,STATE REPRESENTATIVE FRANK CORTE,,1409
1000.0,,download_cache/3718-Supplemental-Statement-20080606-8.xml,5781,TEXAS STATE REPRESENTATIVE RUTH MCCLENDON CAMPAIGN,,1410
250.0,2008-02-22,download_cache/3718-Supplemental-Statement-20080606-8.xml,5781,TEXAS STATE REPRESENTATIVE PHIL KING,,1411
250.0,2007-03-16,download_cache/3731-Supplemental-Statement-20080429-6.xml,5781,DEMOCRATIC PARTY OF VA.,Edward R. McNicholas,535
150.0,2007-07-26,download_cache/3731-Supplemental-Statement-20080429-6.xml,5781,MARGI VANDERHYE FOR VIRGINIA DELEGATE,Edward R. McNicholas,536
130.0,2007-10-02,download_cache/3731-Supplemental-Statement-20080429-6.xml,5781,ALEXANDRIA DEMOCRATIC COMMITTEE,Edward R. McNicholas,537
500.0,2007-12-13,download_cache/3731-Supplemental-Statement-20080429-6.xml,5781,Mark Warner,Edward R. McNicholas,538
1800.0,2008-01-14,download_cache/3731-Supplemental-Statement-20080429-6.xml,5781,Mark Warner,Edward R. McNicholas,539
500.0,2008-01-14,download_cache/3731-Supplemental-Statement-20080429-6.xml,5781,Mark Warner,Jennifer Tatel,540
50.0,2008-02-11,download_cache/3731-Supplemental-Statement-20080429-6.xml,5781,Barack Obama,Colleen T. Rutledge,541
500.0,2008-07-31,download_cache/3731-Supplemental-Statement-20081030-8.xml,5781,SIDLEY GOOD GOVERNMENT FUND,Edward R. McNicholas,542
500.0,2008-09-20,download_cache/3731-Supplemental-Statement-20081030-8.xml,5781,SIDLEY GOOD GOVERNMENT FUND,Edward R. McNicholas,543
500.0,2008-09-29,download_cache/3731-Supplemental-Statement-20081030-8.xml,5781,MATTHEW 25 NETWORK,Edward R. McNicholas,544
1000.0,2007-10-31,download_cache/3971-Supplemental-Statement-20080530-7.xml,5781,DEMOCRATIC SENATORIAL COMMITTEE,Kenneth Levine,545
1000.0,2007-10-31,download_cache/3971-Supplemental-Statement-20080530-7.xml,5781,DEMOCRATIC CONGRESSIONAL CAMPAIGN COMMITTEE,Kenneth Levine,546
1000.0,2008-04-16,download_cache/3971-Supplemental-Statement-20080530-7.xml,5781,Joe Courtney,Kenneth Levine,547
1000.0,2008-06-30,download_cache/4561-Supplemental-Statement-20081030-9.xml,5781,SLATERY FOR SENATE,Don Bonker,548
500.0,2008-07-16,download_cache/4561-Supplemental-Statement-20081030-9.xml,5781,FEARING FOR CONGRESS,Don Bonker,549
250.0,2008-07-28,download_cache/4561-Supplemental-Statement-20081030-9.xml,5781,DEMOCRATIC CONGRESSIONAL CAMPAIGN COMMITTEE,Don Bonker,550
250.0,2008-07-31,download_cache/4561-Supplemental-Statement-20081030-9.xml,5781,Alcee Hastings,Don Bonker,551
250.0,2008-08-01,download_cache/4561-Supplemental-Statement-20081030-9.xml,5781,Lloyd Doggett,Don Bonker,552
500.0,2008-08-19,download_cache/4561-Supplemental-Statement-20081030-9.xml,5781,Jay Inslee,Don Bonker,553
62.0,2008-06-18,download_cache/4561-Supplemental-Statement-20081030-9.xml,5781,Jay Inslee,Jessica Emond,554
50.0,2008-07-31,download_cache/4561-Supplemental-Statement-20081030-9.xml,5781,Jay Inslee,Jessica Emond,555
50.0,2008-09-01,download_cache/4561-Supplemental-Statement-20081030-9.xml,5781,Jay Inslee,Jessica Emond,556
100.0,2008-06-10,download_cache/4561-Supplemental-Statement-20081030-9.xml,5781,Barack Obama,Jan Hausrath,557
250.0,2008-09-15,download_cache/4561-Supplemental-Statement-20081030-9.xml,5781,Barack Obama,Jan Hausrath,558
750.0,2008-07-31,download_cache/4561-Supplemental-Statement-20081030-9.xml,5781,Alcee Hastings,Margery Kraus,559
250.0,2008-08-01,download_cache/4561-Supplemental-Statement-20081030-9.xml,5781,Lloyd Doggett,Margery Kraus,560
200.0,2008-08-18,download_cache/4561-Supplemental-Statement-20081030-9.xml,5781,SCHWARTZ FOR MAYOR,Charles Krause,561
1000.0,,download_cache/4929-Supplemental-Statement-20080303-6.xml,5781,Ike Skelton,,5251
1000.0,,download_cache/4929-Supplemental-Statement-20080303-6.xml,5781,Ron Klein,,5252
2000.0,,download_cache/4929-Supplemental-Statement-20080303-6.xml,5781,PHILADELPHIA LEADERSHIP FUND,,5253
2000.0,,download_cache/4929-Supplemental-Statement-20080822-7.xml,5781,Susan Collins,,5303
500.0,2007-10-29,download_cache/5002-Supplemental-Statement-20080502-6.xml,5781,Shelley Capito,,567
250.0,2007-12-20,download_cache/5002-Supplemental-Statement-20080502-6.xml,5781,Jo Bonner,,568
100.0,2007-12-20,download_cache/5002-Supplemental-Statement-20080502-6.xml,5781,Fred Thompson,,569
250.0,2008-04-30,download_cache/5002-Supplemental-Statement-20081030-7.xml,5781,Jo Bonner,,570
100.0,2008-06-23,download_cache/5002-Supplemental-Statement-20081030-7.xml,5781,John McCain,,571
100.0,2008-07-21,download_cache/5002-Supplemental-Statement-20081030-7.xml,5781,FRIENDS OF JAY WOLF,,572
250.0,2008-07-28,download_cache/5002-Supplemental-Statement-20081030-7.xml,5781,Shelley Capito,,573
200.0,2008-02-28,download_cache/3047-Supplemental-Statement-20080401-6.xml,5781,Gary Peters,,1727
250.0,2007-12-10,download_cache/3047-Supplemental-Statement-20080401-6.xml,5781,Susan Collins,,1726
500.0,2007-09-10,download_cache/3047-Supplemental-Statement-20080401-6.xml,5781,John Rockefeller,,1725
250.0,2008-03-09,download_cache/3657-Supplemental-Statement-20081031-10.xml,5781,Barack Obama,"Sabnis, Shonali",4539
20.0,,download_cache/3657-Supplemental-Statement-20081031-10.xml,5781,Barack Obama,"Kalish, Andrew",4538
50.0,2008-01-09,download_cache/3657-Supplemental-Statement-20081031-10.xml,5781,Barack Obama,"Heyman, Hope",4537
25.0,,download_cache/3657-Supplemental-Statement-20081031-10.xml,5781,Barack Obama,"Grundy, Mark",4536
50.0,2008-01-09,download_cache/3657-Supplemental-Statement-20081031-10.xml,5781,Barack Obama,"Cadrecha, Christina",4535
1000.0,2008-02-09,download_cache/3657-Supplemental-Statement-20081031-10.xml,5781,Barack Obama,"Blake, Justin",4534
2300.0,2007-10-18,download_cache/3712-Supplemental-Statement-20080414-6.xml,5781,Thomas Allen,Charles Baker III,4577
1000.0,2007-10-17,download_cache/3712-Supplemental-Statement-20080414-6.xml,5781,James Clyburn,Charles Baker III,4576
1000.0,2007-09-28,download_cache/3712-Supplemental-Statement-20080414-6.xml,5781,Max Baucus,Charles Baker III,4575
250.0,2007-09-25,download_cache/3712-Supplemental-Statement-20080414-6.xml,5781,Tim Mahoney,Charles Baker III,4574
416.67,2008-02-17,download_cache/3712-Supplemental-Statement-20080414-6.xml,5781,DLA PIPER PAC,Richard Armey,4573
416.67,2008-01-20,download_cache/3712-Supplemental-Statement-20080414-6.xml,5781,DLA PIPER PAC,Richard Armey,4572
416.63,2007-12-23,download_cache/3712-Supplemental-Statement-20080414-6.xml,5781,DLA PIPER PAC,Richard Armey,4571
416.67,2007-11-15,download_cache/3712-Supplemental-Statement-20080414-6.xml,5781,DLA PIPER PAC,Richard Armey,4570
416.67,2007-10-26,download_cache/3712-Supplemental-Statement-20080414-6.xml,5781,DLA PIPER PAC,Richard Armey,4569
416.67,2007-09-30,download_cache/3712-Supplemental-Statement-20080414-6.xml,5781,DLA PIPER PAC,Richard Armey,4568
16.67,2008-02-17,download_cache/3712-Supplemental-Statement-20080414-6.xml,5781,DLA PIPER PAC,Cristina Antelo,4567
16.67,2008-01-20,download_cache/3712-Supplemental-Statement-20080414-6.xml,5781,DLA PIPER PAC,Cristina Antelo,4566
1700.0,,download_cache/3712-Supplemental-Statement-20080414-6.xml,5781,Hillary Clinton,Cristina Antelo,4565
300.0,2007-12-31,download_cache/3712-Supplemental-Statement-20080414-6.xml,5781,Hillary Clinton,Cristina Antelo,4564
16.63,2007-12-23,download_cache/3712-Supplemental-Statement-20080414-6.xml,5781,DLA PIPER PAC,Cristina Antelo,4563
16.67,2007-11-15,download_cache/3712-Supplemental-Statement-20080414-6.xml,5781,DLA PIPER PAC,Cristina Antelo,4562
16.67,2007-10-26,download_cache/3712-Supplemental-Statement-20080414-6.xml,5781,DLA PIPER PAC,Cristina Antelo,4561
