Client,Amount,Date,Registrant,Purpose,From subcontractor,Source
The Government of Albania,55000.00,2011-07-28,Patton Boggs LLP,,,http://www.fara.gov/docs/2165-Supplemental-Statement-20120130-15.pdf
The Government of Albania,55000.00,2011-11-18,Patton Boggs LLP,,,http://www.fara.gov/docs/2165-Supplemental-Statement-20120130-15.pdf
The Government of Albania,55000.00,2011-11-22,Patton Boggs LLP,,,http://www.fara.gov/docs/2165-Supplemental-Statement-20120130-15.pdf
The Government of Albania,55000.00,2011-12-23,Patton Boggs LLP,,,http://www.fara.gov/docs/2165-Supplemental-Statement-20120130-15.pdf
The Government of Albania,55000.00,2011-12-30,Patton Boggs LLP,,,http://www.fara.gov/docs/2165-Supplemental-Statement-20120130-15.pdf
The Embassy of the Republic of Azerbaijan,105000.00,2011-09-12,Patton Boggs LLP,,,http://www.fara.gov/docs/2165-Supplemental-Statement-20120130-15.pdf
The Government of the Republic of Cameroon,100000.00,2011-09-26,Patton Boggs LLP,,,http://www.fara.gov/docs/2165-Supplemental-Statement-20120130-15.pdf
The Government of the Republic of Cameroon,100000.00,2011-11-17,Patton Boggs LLP,,,http://www.fara.gov/docs/2165-Supplemental-Statement-20120130-15.pdf
Embassy of the Republic of Chad,8693.75,2011-09-28,Patton Boggs LLP,,,http://www.fara.gov/docs/2165-Supplemental-Statement-20120130-15.pdf
Embassy of the Republic of Chad,7435.41,2011-10-20,Patton Boggs LLP,,,http://www.fara.gov/docs/2165-Supplemental-Statement-20120130-15.pdf
Embassy of the Republic of Chad,8061.25,2011-12-19,Patton Boggs LLP,,,http://www.fara.gov/docs/2165-Supplemental-Statement-20120130-15.pdf
Government of the People's Republic of China,105000.00,2011-12-06,Patton Boggs LLP,,,http://www.fara.gov/docs/2165-Supplemental-Statement-20120130-15.pdf
Government of the People's Republic of China,105000.00,2011-08-09,Patton Boggs LLP,,,http://www.fara.gov/docs/2165-Supplemental-Statement-20120130-15.pdf
Government of the People's Republic of China,59516.25,2011-11-29,Patton Boggs LLP,,,http://www.fara.gov/docs/2165-Supplemental-Statement-20120130-15.pdf
Government of the People's Republic of China,38146.31,2011-11-30,Patton Boggs LLP,,,http://www.fara.gov/docs/2165-Supplemental-Statement-20120130-15.pdf
Government of the Republic of Croatia,60000.00,2011-09-06,Patton Boggs LLP,,,http://www.fara.gov/docs/2165-Supplemental-Statement-20120130-15.pdf
Government of the Republic of Croatia,60000.00,2011-10-04,Patton Boggs LLP,,,http://www.fara.gov/docs/2165-Supplemental-Statement-20120130-15.pdf
Government of the Republic of Croatia,60000.00,2011-12-20,Patton Boggs LLP,,,http://www.fara.gov/docs/2165-Supplemental-Statement-20120130-15.pdf
Government of the Republic of Croatia,120000.00,2011-12-22,Patton Boggs LLP,,,http://www.fara.gov/docs/2165-Supplemental-Statement-20120130-15.pdf
Government of the Republic of Croatia,6439.89,2011-12-01,Patton Boggs LLP,,,http://www.fara.gov/docs/2165-Supplemental-Statement-20120130-15.pdf
Government of the Republic of Cyprus,103625.00,2011-07-01,Patton Boggs LLP,,,http://www.fara.gov/docs/2165-Supplemental-Statement-20120130-15.pdf
Government of the Republic of Cyprus,103625.00,2011-08-01,Patton Boggs LLP,,,http://www.fara.gov/docs/2165-Supplemental-Statement-20120130-15.pdf
Government of the Republic of Cyprus,103625.00,2011-10-04,Patton Boggs LLP,,,http://www.fara.gov/docs/2165-Supplemental-Statement-20120130-15.pdf
Government of the Republic of Cyprus,103625.00,2011-11-02,Patton Boggs LLP,,,http://www.fara.gov/docs/2165-Supplemental-Statement-20120130-15.pdf
Government of the Republic of Cyprus,101956.00,2011-09-01,Patton Boggs LLP,,,http://www.fara.gov/docs/2165-Supplemental-Statement-20120130-15.pdf
Embassy of Ecuador,130000.00,2011-08-23,Patton Boggs LLP,,,http://www.fara.gov/docs/2165-Supplemental-Statement-20120130-15.pdf
Embassy of Ecuador,130000.00,2011-11-22,Patton Boggs LLP,,,http://www.fara.gov/docs/2165-Supplemental-Statement-20120130-15.pdf
Embassy of Ecuador,65000.00,2011-11-30,Patton Boggs LLP,,,http://www.fara.gov/docs/2165-Supplemental-Statement-20120130-15.pdf
Embassy of Ecuador,65000.00,2011-09-28,Patton Boggs LLP,,,http://www.fara.gov/docs/2165-Supplemental-Statement-20120130-15.pdf
Korean International Trade Association,70000.00,2011-07-14,Patton Boggs LLP,,,http://www.fara.gov/docs/2165-Supplemental-Statement-20120130-15.pdf
Korean International Trade Association,70000.00,2011-08-18,Patton Boggs LLP,,,http://www.fara.gov/docs/2165-Supplemental-Statement-20120130-15.pdf
Korean International Trade Association,70000.00,2011-09-20,Patton Boggs LLP,,,http://www.fara.gov/docs/2165-Supplemental-Statement-20120130-15.pdf
Korean International Trade Association,70000.00,2011-12-27,Patton Boggs LLP,,,http://www.fara.gov/docs/2165-Supplemental-Statement-20120130-15.pdf
Korean International Trade Association,140000.00,2011-11-01,Patton Boggs LLP,,,http://www.fara.gov/docs/2165-Supplemental-Statement-20120130-15.pdf
Republic of Kosova,49409.47,2011-10-18,Patton Boggs LLP,,,http://www.fara.gov/docs/2165-Supplemental-Statement-20120130-15.pdf
Republic of Kosova,48156.97,2011-11-23,Patton Boggs LLP,,,http://www.fara.gov/docs/2165-Supplemental-Statement-20120130-15.pdf
Republic of Kosova,47837.34,2011-12-23,Patton Boggs LLP,,,http://www.fara.gov/docs/2165-Supplemental-Statement-20120130-15.pdf
Republic of Kosova,46349.97,2011-12-30,Patton Boggs LLP,,,http://www.fara.gov/docs/2165-Supplemental-Statement-20120130-15.pdf
Government of Libya (Formerly Transitional National Council of Libya),7201.75,2011-07-19,Patton Boggs LLP,,,http://www.fara.gov/docs/2165-Supplemental-Statement-20120130-15.pdf
Government of Libya (Formerly Transitional National Council of Libya),47133.60,2011-09-20,Patton Boggs LLP,,,http://www.fara.gov/docs/2165-Supplemental-Statement-20120130-15.pdf
Government of Libya (Formerly Transitional National Council of Libya),46431.00,2011-10-14,Patton Boggs LLP,,,http://www.fara.gov/docs/2165-Supplemental-Statement-20120130-15.pdf
Government of Libya (Formerly Transitional National Council of Libya),95946.88,2011-11-15,Patton Boggs LLP,,,http://www.fara.gov/docs/2165-Supplemental-Statement-20120130-15.pdf
Government of Libya (Formerly Transitional National Council of Libya),43837.12,2011-12-28,Patton Boggs LLP,,,http://www.fara.gov/docs/2165-Supplemental-Statement-20120130-15.pdf
Federal Republic of Nigeria,100000.00,2011-09-08,Patton Boggs LLP,,,http://www.fara.gov/docs/2165-Supplemental-Statement-20120130-15.pdf
Federal Republic of Nigeria,95063.71,2011-11-29,Patton Boggs LLP,,,http://www.fara.gov/docs/2165-Supplemental-Statement-20120130-15.pdf
Federal Republic of Nigeria,8804.62,2011-12-29,Patton Boggs LLP,,,http://www.fara.gov/docs/2165-Supplemental-Statement-20120130-15.pdf
Government of the State of Qatar,30408.21,2011-07-18,Patton Boggs LLP,,,http://www.fara.gov/docs/2165-Supplemental-Statement-20120130-15.pdf
Government of the State of Qatar,30088.33,2011-08-11,Patton Boggs LLP,,,http://www.fara.gov/docs/2165-Supplemental-Statement-20120130-15.pdf
Government of the State of Qatar,74027.97,2011-11-07,Patton Boggs LLP,,,http://www.fara.gov/docs/2165-Supplemental-Statement-20120130-15.pdf
Government of the State of Qatar,30066.58,2011-12-12,Patton Boggs LLP,,,http://www.fara.gov/docs/2165-Supplemental-Statement-20120130-15.pdf
Government of the State of Qatar,35381.83,2011-12-19,Patton Boggs LLP,,,http://www.fara.gov/docs/2165-Supplemental-Statement-20120130-15.pdf
Government of the State of Qatar,31067.40,2011-12-31,Patton Boggs LLP,,,http://www.fara.gov/docs/2165-Supplemental-Statement-20120130-15.pdf
Royal Embassy of Saudi Arabia,17500.00,2011-07-27,Patton Boggs LLP,,,http://www.fara.gov/docs/2165-Supplemental-Statement-20120130-15.pdf
Royal Embassy of Saudi Arabia,17500.00,2011-08-23,Patton Boggs LLP,,,http://www.fara.gov/docs/2165-Supplemental-Statement-20120130-15.pdf
Royal Embassy of Saudi Arabia,17500.00,2011-09-21,Patton Boggs LLP,,,http://www.fara.gov/docs/2165-Supplemental-Statement-20120130-15.pdf
Royal Embassy of Saudi Arabia,17897.72,2011-10-21,Patton Boggs LLP,,,http://www.fara.gov/docs/2165-Supplemental-Statement-20120130-15.pdf
Royal Embassy of Saudi Arabia,17500.00,2011-11-23,Patton Boggs LLP,,,http://www.fara.gov/docs/2165-Supplemental-Statement-20120130-15.pdf
Royal Embassy of Saudi Arabia,17500.00,2011-12-31,Patton Boggs LLP,,,http://www.fara.gov/docs/2165-Supplemental-Statement-20120130-15.pdf
The Embassy of Sri Lanka,47304.23,2011-08-05,Patton Boggs LLP,,,http://www.fara.gov/docs/2165-Supplemental-Statement-20120130-15.pdf
The Embassy of Sri Lanka,124088.70,2011-08-09,Patton Boggs LLP,,,http://www.fara.gov/docs/2165-Supplemental-Statement-20120130-15.pdf
The Embassy of Sri Lanka,49531.75,2011-08-31,Patton Boggs LLP,,,http://www.fara.gov/docs/2165-Supplemental-Statement-20120130-15.pdf
The Embassy of Sri Lanka,18691.54,2011-09-28,Patton Boggs LLP,,,http://www.fara.gov/docs/2165-Supplemental-Statement-20120130-15.pdf
The Embassy of Sri Lanka,20310.70,2011-10-20,Patton Boggs LLP,,,http://www.fara.gov/docs/2165-Supplemental-Statement-20120130-15.pdf
The Embassy of Sri Lanka,105000.00,2011-12-16,Patton Boggs LLP,,,http://www.fara.gov/docs/2165-Supplemental-Statement-20120130-15.pdf
The Embassy of Sri Lanka,84040.82,2011-12-23,Patton Boggs LLP,,,http://www.fara.gov/docs/2165-Supplemental-Statement-20120130-15.pdf
Government of Antigua and Barbuda,119869.58,02/28/13*,Hogan & Hartson LLP (Hogan Lovells US LLP),,,http://www.fara.gov/docs/2244-Supplemental-Statement-20130329-16.pdf
Government of Japan,177441.15,02/28/13*,Hogan & Hartson LLP (Hogan Lovells US LLP),,,http://www.fara.gov/docs/2244-Supplemental-Statement-20130329-16.pdf
"Government of Ontario, Ministry of Natural Resources and Ministry of Economic Development and Trade",101748.39,02/28/13*,Hogan & Hartson LLP (Hogan Lovells US LLP),,,http://www.fara.gov/docs/2244-Supplemental-Statement-20130329-16.pdf
Pemex-Exploracion y Produccion,1565600.00,02/28/13*,Hogan & Hartson LLP (Hogan Lovells US LLP),,,http://www.fara.gov/docs/2244-Supplemental-Statement-20130329-16.pdf
Royal Embassy of Saudi Arabia,96245.57,02/28/13*,Hogan & Hartson LLP (Hogan Lovells US LLP),,,http://www.fara.gov/docs/2244-Supplemental-Statement-20130329-16.pdf
China National Tourism Administration (CNTA),850000.00,12/31/12*,China National Tourist Office,,,http://www.fara.gov/docs/3318-Supplemental-Statement-20130111-16.pdf
China Daily of Beijing,6748500.00,04/30/13*,China Daily Distribution Corporation,"Printing, Distributing, and Satellite services",,http://www.fara.gov/docs/3457-Supplemental-Statement-20130531-17.pdf
Government of the Bahamas,1198469.82,2013-07-01,CMGRP Inc. DBA Weber Shandwick,"Media, Public Relations Services and Expense Reimbursements",,http://www.fara.gov/docs/3911-Supplemental-Statement-20130129-16.pdf
Alliance for a Green Revolution in Africa (AGRA),35739.31,2013-07-01,CMGRP Inc. DBA Weber Shandwick,"Media, Public Relations Services and Expense Reimbursements",,http://www.fara.gov/docs/3911-Supplemental-Statement-20130129-16.pdf
Government of the Federal District (Mexico City),155756.34,2013-07-01,CMGRP Inc. DBA Weber Shandwick,"Media, Public Relations Services and Expense Reimbursements",,http://www.fara.gov/docs/3911-Supplemental-Statement-20130129-16.pdf
Temasek Holdings,114000.00,2013-07-01,CMGRP Inc. DBA Weber Shandwick,"Media, Public Relations Services and Expense Reimbursements",,http://www.fara.gov/docs/3911-Supplemental-Statement-20130129-16.pdf
"Bureau of Foreign Trade, Ministry of Economic Affairs, Government of the Republic of China (BOFT)",552.27,2012-06-29,"C&M International, Ltd.",Expenses,,http://www.fara.gov/docs/3988-Supplemental-Statement-20121226-16.pdf
"Bureau of Foreign Trade, Ministry of Economic Affairs, Government of the Republic of China (BOFT)",100960.00,2012-08-29,"C&M International, Ltd.",Professional Services,,http://www.fara.gov/docs/3988-Supplemental-Statement-20121226-16.pdf
"Bureau of Foreign Trade, Ministry of Economic Affairs, Government of the Republic of China (BOFT)",100960.00,2012-06-29,"C&M International, Ltd.",Professional Services,,http://www.fara.gov/docs/3988-Supplemental-Statement-20121226-16.pdf
"Bureau of Foreign Trade, Ministry of Economic Affairs, Government of the Republic of China (BOFT)",539.71,2012-08-29,"C&M International, Ltd.",Expenses,,http://www.fara.gov/docs/3988-Supplemental-Statement-20121226-16.pdf
"Bureau of Foreign Trade, Ministry of Economic Affairs, Government of the Republic of China (BOFT)",100960.00,2012-11-21,"C&M International, Ltd.",Professional Services,,http://www.fara.gov/docs/3988-Supplemental-Statement-20121226-16.pdf
International Bank of Azerbaijan,25000.00,2012-09-20,"JWI, LLC dba Jefferson Waterman International",Professional Staff Services,,http://www.fara.gov/docs/4990-Supplemental-Statement-20130401-16.pdf
International Bank of Azerbaijan,25000.00,2012-09-27,"JWI, LLC dba Jefferson Waterman International",Professional Staff Services,,http://www.fara.gov/docs/4990-Supplemental-Statement-20130401-16.pdf
International Bank of Azerbaijan,25000.00,2012-10-16,"JWI, LLC dba Jefferson Waterman International",Professional Staff Services,,http://www.fara.gov/docs/4990-Supplemental-Statement-20130401-16.pdf
International Bank of Azerbaijan,25000.00,2012-11-21,"JWI, LLC dba Jefferson Waterman International",Professional Staff Services,,http://www.fara.gov/docs/4990-Supplemental-Statement-20130401-16.pdf
International Bank of Azerbaijan,25000.00,2012-12-24,"JWI, LLC dba Jefferson Waterman International",Professional Staff Services,,http://www.fara.gov/docs/4990-Supplemental-Statement-20130401-16.pdf
International Bank of Azerbaijan,25000.00,2013-02-07,"JWI, LLC dba Jefferson Waterman International",Professional Staff Services,,http://www.fara.gov/docs/4990-Supplemental-Statement-20130401-16.pdf
International Bank of Azerbaijan,43.00,2012-09-20,"JWI, LLC dba Jefferson Waterman International",Out of Pocket Expenses,,http://www.fara.gov/docs/4990-Supplemental-Statement-20130401-16.pdf
International Bank of Azerbaijan,18653.42,2012-09-27,"JWI, LLC dba Jefferson Waterman International",Out of Pocket Expenses,,http://www.fara.gov/docs/4990-Supplemental-Statement-20130401-16.pdf
International Bank of Azerbaijan,18504.32,2012-10-16,"JWI, LLC dba Jefferson Waterman International",Out of Pocket Expenses,,http://www.fara.gov/docs/4990-Supplemental-Statement-20130401-16.pdf
International Bank of Azerbaijan,23794.21,2012-11-21,"JWI, LLC dba Jefferson Waterman International",Out of Pocket Expenses,,http://www.fara.gov/docs/4990-Supplemental-Statement-20130401-16.pdf
International Bank of Azerbaijan,15528.68,2012-12-24,"JWI, LLC dba Jefferson Waterman International",Out of Pocket Expenses,,http://www.fara.gov/docs/4990-Supplemental-Statement-20130401-16.pdf
International Bank of Azerbaijan,650.80,2013-02-07,"JWI, LLC dba Jefferson Waterman International",Out of Pocket Expenses,,http://www.fara.gov/docs/4990-Supplemental-Statement-20130401-16.pdf
Government of the Republic of The Gambia,600000.00,02/28/13*,"JWI, LLC dba Jefferson Waterman International",strategic advisory services,,http://www.fara.gov/docs/4990-Supplemental-Statement-20130401-16.pdf
Government of the Republic of The Gambia,200000.00,2012-04-25,"JWI, LLC dba Jefferson Waterman International",advance for travel expenses,,http://www.fara.gov/docs/4990-Supplemental-Statement-20130401-16.pdf
Embassy of the Republic of Korea to the United States,14193.55,2012-12-20,"JWI, LLC dba Jefferson Waterman International",Professional Staff Services,,http://www.fara.gov/docs/4990-Supplemental-Statement-20130401-16.pdf
Embassy of the Republic of Korea to the United States,20000.00,2013-02-04,"JWI, LLC dba Jefferson Waterman International",Professional Staff Services,,http://www.fara.gov/docs/4990-Supplemental-Statement-20130401-16.pdf
Govt of Mexico - Secretaria de Economia,559195.00,01/31/13*,Pillsbury Winthrop Shaw Pittman LLP,"Payments received during the period August 1, 2012 to January 21, 2013.",,http://www.fara.gov/docs/5198-Supplemental-Statement-20130302-15.pdf
"International Counsel Bureau, Kuwaiti Counsel for the Families of Kuwaiti Citizens at Guantanamo Bay",0.00,01/31/13*,Pillsbury Winthrop Shaw Pittman LLP,"Payments received during the period August 1, 2012 to January 21, 2013.",,http://www.fara.gov/docs/5198-Supplemental-Statement-20130302-15.pdf
"King Abdullah City for Atomic and Renewable Energy (""KACARE"") ",8470161.67,01/31/13*,Pillsbury Winthrop Shaw Pittman LLP,"Payments received during the period August 1, 2012 to January 21, 2013.",,http://www.fara.gov/docs/5198-Supplemental-Statement-20130302-15.pdf
Government of the Republic of Korea,270000.00,01/31/13*,Pillsbury Winthrop Shaw Pittman LLP,"Payments received during the period August 1, 2012 to January 21, 2013.",,http://www.fara.gov/docs/5198-Supplemental-Statement-20130302-15.pdf
Russian Federation,318916.67,11/30/12*,Ketchum Inc.,,,http://www.fara.gov/docs/5758-Supplemental-Statement-20130225-19.pdf
Gazprom Export,3142252.95,11/30/12*,Ketchum Inc.,,,http://www.fara.gov/docs/5758-Supplemental-Statement-20130225-19.pdf
Tourism Australia,230132.00,11/30/12*,Ketchum Inc.,,,http://www.fara.gov/docs/5758-Supplemental-Statement-20130225-19.pdf
Government of the Republic of South Sudan (GRSS),150000.00,2012-11-23,"Independent Diplomat, Inc.",From the Government of Switzerland for GRSS project,,http://www.fara.gov/docs/5860-Supplemental-Statement-20130530-10.pdf
Government of the Republic of South Sudan (GRSS),34363.00,2013-03-11,"Independent Diplomat, Inc.",From the Government of Switzerland for the GRSS project,,http://www.fara.gov/docs/5860-Supplemental-Statement-20130530-10.pdf
Government of the Sahrawi Arab Democratic Republic (SADR),10000.00,2013-03-26,"Independent Diplomat, Inc.",SADR Project,,http://www.fara.gov/docs/5860-Supplemental-Statement-20130530-10.pdf
The China-US Exchange Foundation,183000.00,2012-06-30,BLJ Worldwide LTD (Brown Lloyd James),Fees,,http://www.fara.gov/docs/5875-Supplemental-Statement-20120730-15.pdf
Government of the Kingdom of Morocco,100000.00,2012-06-30,BLJ Worldwide LTD (Brown Lloyd James),Fees,,http://www.fara.gov/docs/5875-Supplemental-Statement-20120730-15.pdf
The Shafallah Center for Children with Special Needs ,120000.00,2012-06-30,BLJ Worldwide LTD (Brown Lloyd James),Fees,,http://www.fara.gov/docs/5875-Supplemental-Statement-20120730-15.pdf
Republic of Ecuador,30000.00,2012-06-30,BLJ Worldwide LTD (Brown Lloyd James),fees,,http://www.fara.gov/docs/5875-Supplemental-Statement-20120730-15.pdf
The China-US Exchange Foundation,189000.00,12/31/12*,BLJ Worldwide LTD (Brown Lloyd James),,,http://www.fara.gov/docs/5875-Supplemental-Statement-20130207-16.pdf
The China-US Exchange Foundation,63575.22,12/31/12*,BLJ Worldwide LTD (Brown Lloyd James),,,http://www.fara.gov/docs/5875-Supplemental-Statement-20130207-16.pdf
The Shafallah Center for Children with Special Needs ,120000.00,12/31/12*,BLJ Worldwide LTD (Brown Lloyd James),,,http://www.fara.gov/docs/5875-Supplemental-Statement-20130207-16.pdf
The Shafallah Center for Children with Special Needs ,35184.27,12/31/12*,BLJ Worldwide LTD (Brown Lloyd James),,,http://www.fara.gov/docs/5875-Supplemental-Statement-20130207-16.pdf
Office of the President of Ecuador (Yasuni-ITT),190700.00,12/31/12*,BLJ Worldwide LTD (Brown Lloyd James),,,http://www.fara.gov/docs/5875-Supplemental-Statement-20130207-16.pdf
Republic of Ecuador,180000.00,12/31/12*,BLJ Worldwide LTD (Brown Lloyd James),,,http://www.fara.gov/docs/5875-Supplemental-Statement-20130207-16.pdf
The Government of Albania,180000.00,2011-09-26,"Podesta Group, Inc.",Fee,,http://www.fara.gov/docs/5926-Supplemental-Statement-20120130-6.pdf
The Government of Albania,180000.00,2011-11-03,"Podesta Group, Inc.",Fee,,http://www.fara.gov/docs/5926-Supplemental-Statement-20120130-6.pdf
The Government of Albania,6919.64,2011-09-26,"Podesta Group, Inc.",Reimbursement,,http://www.fara.gov/docs/5926-Supplemental-Statement-20120130-6.pdf
The Government of Albania,5813.46,2011-11-03,"Podesta Group, Inc.",Reimbursement,,http://www.fara.gov/docs/5926-Supplemental-Statement-20120130-6.pdf
Government of the Arab Republic of Egypt,87500.00,2011-10-31,"Podesta Group, Inc.",Fee,,http://www.fara.gov/docs/5926-Supplemental-Statement-20120130-6.pdf
Government of the Arab Republic of Egypt,87500.00,2011-12-21,"Podesta Group, Inc.",Fee,,http://www.fara.gov/docs/5926-Supplemental-Statement-20120130-6.pdf
National Security Council of Georgia,50000.00,2011-07-27,"Podesta Group, Inc.",Fee,,http://www.fara.gov/docs/5926-Supplemental-Statement-20120130-6.pdf
National Security Council of Georgia,100000.00,2011-11-01,"Podesta Group, Inc.",Fee,,http://www.fara.gov/docs/5926-Supplemental-Statement-20120130-6.pdf
National Security Council of Georgia,6703.83,2011-12-09,"Podesta Group, Inc.",Reimbursement,,http://www.fara.gov/docs/5926-Supplemental-Statement-20120130-6.pdf
National Security Council of Georgia,24975.00,2011-07-08,"Podesta Group, Inc.",Fee,,http://www.fara.gov/docs/5926-Supplemental-Statement-20120130-6.pdf
National Security Council of Georgia,24975.00,2011-08-04,"Podesta Group, Inc.",Fee,,http://www.fara.gov/docs/5926-Supplemental-Statement-20120130-6.pdf
National Security Council of Georgia,24975.00,2011-09-07,"Podesta Group, Inc.",Fee,,http://www.fara.gov/docs/5926-Supplemental-Statement-20120130-6.pdf
National Security Council of Georgia,24975.00,2011-10-06,"Podesta Group, Inc.",Fee,,http://www.fara.gov/docs/5926-Supplemental-Statement-20120130-6.pdf
National Security Council of Georgia,24975.00,2011-11-08,"Podesta Group, Inc.",Fee,,http://www.fara.gov/docs/5926-Supplemental-Statement-20120130-6.pdf
National Security Council of Georgia,24975.00,2011-12-06,"Podesta Group, Inc.",Fee,,http://www.fara.gov/docs/5926-Supplemental-Statement-20120130-6.pdf
Government of India,233332.00,2011-11-08,"Podesta Group, Inc.",Fee,,http://www.fara.gov/docs/5926-Supplemental-Statement-20120130-6.pdf
Government of India,58333.00,2011-12-15,"Podesta Group, Inc.",Fee,,http://www.fara.gov/docs/5926-Supplemental-Statement-20120130-6.pdf
Embassy Of Japan,15000.00,2011-07-25,"Podesta Group, Inc.",Fee,,http://www.fara.gov/docs/5926-Supplemental-Statement-20120130-6.pdf
Embassy Of Japan,15000.00,2011-09-12,"Podesta Group, Inc.",Fee,,http://www.fara.gov/docs/5926-Supplemental-Statement-20120130-6.pdf
Embassy Of Japan,15000.00,2011-10-06,"Podesta Group, Inc.",Fee,,http://www.fara.gov/docs/5926-Supplemental-Statement-20120130-6.pdf
Embassy Of Japan,15000.00,2011-12-05,"Podesta Group, Inc.",Fee,,http://www.fara.gov/docs/5926-Supplemental-Statement-20120130-6.pdf
Embassy Of Japan,30000.00,2011-11-07,"Podesta Group, Inc.",Fee,,http://www.fara.gov/docs/5926-Supplemental-Statement-20120130-6.pdf
Government of the Republic of Korea,26667.00,2011-09-08,"Podesta Group, Inc.",Fee,,http://www.fara.gov/docs/5926-Supplemental-Statement-20120130-6.pdf
Government of the Republic of Korea,20040.00,2011-10-12,"Podesta Group, Inc.",Fee,,http://www.fara.gov/docs/5926-Supplemental-Statement-20120130-6.pdf
Government of the Republic of Korea,40000.00,2011-12-06,"Podesta Group, Inc.",Fee,,http://www.fara.gov/docs/5926-Supplemental-Statement-20120130-6.pdf
Government of the Republic of Korea,40000.00,2011-12-27,"Podesta Group, Inc.",Fee,,http://www.fara.gov/docs/5926-Supplemental-Statement-20120130-6.pdf
Government of the Republic of Korea,1254.59,2011-12-27,"Podesta Group, Inc.",Fee,,http://www.fara.gov/docs/5926-Supplemental-Statement-20120130-6.pdf
Government of the Republic of Korea,40.00,2011-10-12,"Podesta Group, Inc.",Reimbursement,,http://www.fara.gov/docs/5926-Supplemental-Statement-20120130-6.pdf
The Government of Albania,180000.00,2012-05-08,"Podesta Group, Inc.",Fee,,http://www.fara.gov/docs/5926-Supplemental-Statement-20120731-7.pdf
The Government of Albania,4214.00,2012-05-08,"Podesta Group, Inc.",Reimbursement,,http://www.fara.gov/docs/5926-Supplemental-Statement-20120731-7.pdf
National Security Council of Georgia,2500.00,2012-01-18,"Podesta Group, Inc.",Reimbursement,,http://www.fara.gov/docs/5926-Supplemental-Statement-20120731-7.pdf
National Security Council of Georgia,10988.13,2012-03-05,"Podesta Group, Inc.",Reimbursement,,http://www.fara.gov/docs/5926-Supplemental-Statement-20120731-7.pdf
National Security Council of Georgia,150000.00,2012-03-05,"Podesta Group, Inc.",Fee,,http://www.fara.gov/docs/5926-Supplemental-Statement-20120731-7.pdf
National Security Council of Georgia,150000.00,2012-04-24,"Podesta Group, Inc.",Fee,,http://www.fara.gov/docs/5926-Supplemental-Statement-20120731-7.pdf
National Security Council of Georgia,8040.11,2012-04-27,"Podesta Group, Inc.",Reimbursement,,http://www.fara.gov/docs/5926-Supplemental-Statement-20120731-7.pdf
Hong Kong Trade Development Council,24975.00,2012-01-06,"Podesta Group, Inc.",fee,,http://www.fara.gov/docs/5926-Supplemental-Statement-20120731-7.pdf
Hong Kong Trade Development Council,24975.00,2012-02-08,"Podesta Group, Inc.",fee,,http://www.fara.gov/docs/5926-Supplemental-Statement-20120731-7.pdf
Hong Kong Trade Development Council,24975.00,2012-03-09,"Podesta Group, Inc.",fee,,http://www.fara.gov/docs/5926-Supplemental-Statement-20120731-7.pdf
Hong Kong Trade Development Council,24975.00,2012-03-29,"Podesta Group, Inc.",fee,,http://www.fara.gov/docs/5926-Supplemental-Statement-20120731-7.pdf
Hong Kong Trade Development Council,24975.00,2012-05-09,"Podesta Group, Inc.",fee,,http://www.fara.gov/docs/5926-Supplemental-Statement-20120731-7.pdf
Hong Kong Trade Development Council,24975.00,2012-05-29,"Podesta Group, Inc.",fee,,http://www.fara.gov/docs/5926-Supplemental-Statement-20120731-7.pdf
Hong Kong Trade Development Council,24975.00,2012-06-27,"Podesta Group, Inc.",fee,,http://www.fara.gov/docs/5926-Supplemental-Statement-20120731-7.pdf
Government of India,58833.00,2012-01-18,"Podesta Group, Inc.",Fee,,http://www.fara.gov/docs/5926-Supplemental-Statement-20120731-7.pdf
Government of India,58833.00,2012-02-02,"Podesta Group, Inc.",Fee,,http://www.fara.gov/docs/5926-Supplemental-Statement-20120731-7.pdf
Government of India,58833.00,2012-02-22,"Podesta Group, Inc.",Fee,,http://www.fara.gov/docs/5926-Supplemental-Statement-20120731-7.pdf
Government of India,58833.00,2012-03-26,"Podesta Group, Inc.",Fee,,http://www.fara.gov/docs/5926-Supplemental-Statement-20120731-7.pdf
Government of India,58833.00,2012-05-03,"Podesta Group, Inc.",Fee,,http://www.fara.gov/docs/5926-Supplemental-Statement-20120731-7.pdf
Government of India,58833.00,2012-05-29,"Podesta Group, Inc.",Fee,,http://www.fara.gov/docs/5926-Supplemental-Statement-20120731-7.pdf
Embassy Of Japan,15000.00,2012-02-07,"Podesta Group, Inc.",Fee,,http://www.fara.gov/docs/5926-Supplemental-Statement-20120731-7.pdf
Embassy Of Japan,15000.00,2012-03-06,"Podesta Group, Inc.",Fee,,http://www.fara.gov/docs/5926-Supplemental-Statement-20120731-7.pdf
Embassy Of Japan,15000.00,2012-03-26,"Podesta Group, Inc.",Fee,,http://www.fara.gov/docs/5926-Supplemental-Statement-20120731-7.pdf
Embassy Of Japan,30000.00,2012-03-29,"Podesta Group, Inc.",Fee,,http://www.fara.gov/docs/5926-Supplemental-Statement-20120731-7.pdf
Embassy Of Japan,15000.00,2012-06-07,"Podesta Group, Inc.",Fee,,http://www.fara.gov/docs/5926-Supplemental-Statement-20120731-7.pdf
Government of the Republic of Korea,40000.00,2012-03-23,"Podesta Group, Inc.",Fee,,http://www.fara.gov/docs/5926-Supplemental-Statement-20120731-7.pdf
Government of the Republic of Korea,20000.00,2012-05-03,"Podesta Group, Inc.",Fee,,http://www.fara.gov/docs/5926-Supplemental-Statement-20120731-7.pdf
Government of the Republic of Korea,20000.00,2012-06-13,"Podesta Group, Inc.",Fee,,http://www.fara.gov/docs/5926-Supplemental-Statement-20120731-7.pdf
Republic of Kosova,3574.31,2012-06-14,"Podesta Group, Inc.",Fee,,http://www.fara.gov/docs/5926-Supplemental-Statement-20120731-7.pdf
Republic of Kosova,196425.69,2012-05-21,"Podesta Group, Inc.",Fee,,http://www.fara.gov/docs/5926-Supplemental-Statement-20120731-7.pdf
The Government of Albania,180000.00,12/31/12*,"Podesta Group, Inc.",,,http://www.fara.gov/docs/5926-Supplemental-Statement-20130131-8.pdf
The Government of Albania,226.00,12/31/12*,"Podesta Group, Inc.",,,http://www.fara.gov/docs/5926-Supplemental-Statement-20130131-8.pdf
The Government of Albania,180000.00,12/31/12*,"Podesta Group, Inc.",,,http://www.fara.gov/docs/5926-Supplemental-Statement-20130131-8.pdf
The Government of Albania,227.01,12/31/12*,"Podesta Group, Inc.",,,http://www.fara.gov/docs/5926-Supplemental-Statement-20130131-8.pdf
The Government of Albania,180000.00,12/31/12*,"Podesta Group, Inc.",,,http://www.fara.gov/docs/5926-Supplemental-Statement-20130131-8.pdf
The Government of Albania,7157.67,12/31/12*,"Podesta Group, Inc.",,,http://www.fara.gov/docs/5926-Supplemental-Statement-20130131-8.pdf
The Embassy of the Republic of Azerbaijan,45000.00,12/31/12*,"Podesta Group, Inc.",,,http://www.fara.gov/docs/5926-Supplemental-Statement-20130131-8.pdf
Government of the Republic of Cyprus,60000.00,12/31/12*,"Podesta Group, Inc.",,,http://www.fara.gov/docs/5926-Supplemental-Statement-20130131-8.pdf
Government of the Republic of Cyprus,90000.00,12/31/12*,"Podesta Group, Inc.",,,http://www.fara.gov/docs/5926-Supplemental-Statement-20130131-8.pdf
Government of the Republic of Cyprus,90000.00,12/31/12*,"Podesta Group, Inc.",,,http://www.fara.gov/docs/5926-Supplemental-Statement-20130131-8.pdf
National Security Council of Georgia,150000.00,12/31/12*,"Podesta Group, Inc.",,,http://www.fara.gov/docs/5926-Supplemental-Statement-20130131-8.pdf
National Security Council of Georgia,150000.00,12/31/12*,"Podesta Group, Inc.",,,http://www.fara.gov/docs/5926-Supplemental-Statement-20130131-8.pdf
National Security Council of Georgia,5329.20,12/31/12*,"Podesta Group, Inc.",,,http://www.fara.gov/docs/5926-Supplemental-Statement-20130131-8.pdf
National Security Council of Georgia,5895.73,12/31/12*,"Podesta Group, Inc.",,,http://www.fara.gov/docs/5926-Supplemental-Statement-20130131-8.pdf
National Security Council of Georgia,426.60,12/31/12*,"Podesta Group, Inc.",,,http://www.fara.gov/docs/5926-Supplemental-Statement-20130131-8.pdf
Hong Kong Trade Development Council,24975.00,12/31/12*,"Podesta Group, Inc.",,,http://www.fara.gov/docs/5926-Supplemental-Statement-20130131-8.pdf
Hong Kong Trade Development Council,24975.00,12/31/12*,"Podesta Group, Inc.",,,http://www.fara.gov/docs/5926-Supplemental-Statement-20130131-8.pdf
Hong Kong Trade Development Council,24975.00,12/31/12*,"Podesta Group, Inc.",,,http://www.fara.gov/docs/5926-Supplemental-Statement-20130131-8.pdf
Hong Kong Trade Development Council,24975.00,12/31/12*,"Podesta Group, Inc.",,,http://www.fara.gov/docs/5926-Supplemental-Statement-20130131-8.pdf
Hong Kong Trade Development Council,24975.00,12/31/12*,"Podesta Group, Inc.",,,http://www.fara.gov/docs/5926-Supplemental-Statement-20130131-8.pdf
Government of India,58333.00,12/31/12*,"Podesta Group, Inc.",,,http://www.fara.gov/docs/5926-Supplemental-Statement-20130131-8.pdf
Government of India,58333.00,12/31/12*,"Podesta Group, Inc.",,,http://www.fara.gov/docs/5926-Supplemental-Statement-20130131-8.pdf
Government of India,58333.00,12/31/12*,"Podesta Group, Inc.",,,http://www.fara.gov/docs/5926-Supplemental-Statement-20130131-8.pdf
Government of India,58333.00,12/31/12*,"Podesta Group, Inc.",,,http://www.fara.gov/docs/5926-Supplemental-Statement-20130131-8.pdf
Government of India,58333.00,12/31/12*,"Podesta Group, Inc.",,,http://www.fara.gov/docs/5926-Supplemental-Statement-20130131-8.pdf
Government of India,58333.00,12/31/12*,"Podesta Group, Inc.",,,http://www.fara.gov/docs/5926-Supplemental-Statement-20130131-8.pdf
Embassy Of Japan,15000.00,12/31/12*,"Podesta Group, Inc.",,,http://www.fara.gov/docs/5926-Supplemental-Statement-20130131-8.pdf
Embassy Of Japan,15000.00,12/31/12*,"Podesta Group, Inc.",,,http://www.fara.gov/docs/5926-Supplemental-Statement-20130131-8.pdf
Embassy Of Japan,15000.00,12/31/12*,"Podesta Group, Inc.",,,http://www.fara.gov/docs/5926-Supplemental-Statement-20130131-8.pdf
Embassy Of Japan,15000.00,12/31/12*,"Podesta Group, Inc.",,,http://www.fara.gov/docs/5926-Supplemental-Statement-20130131-8.pdf
Embassy Of Japan,15000.00,12/31/12*,"Podesta Group, Inc.",,,http://www.fara.gov/docs/5926-Supplemental-Statement-20130131-8.pdf
Embassy Of Japan,15000.00,12/31/12*,"Podesta Group, Inc.",,,http://www.fara.gov/docs/5926-Supplemental-Statement-20130131-8.pdf
Government of the Republic of Korea,20000.00,12/31/12*,"Podesta Group, Inc.",,,http://www.fara.gov/docs/5926-Supplemental-Statement-20130131-8.pdf
Government of the Republic of Korea,13.00,12/31/12*,"Podesta Group, Inc.",,,http://www.fara.gov/docs/5926-Supplemental-Statement-20130131-8.pdf
Government of the Republic of Korea,20000.00,12/31/12*,"Podesta Group, Inc.",,,http://www.fara.gov/docs/5926-Supplemental-Statement-20130131-8.pdf
Government of the Republic of Korea,193.00,12/31/12*,"Podesta Group, Inc.",,,http://www.fara.gov/docs/5926-Supplemental-Statement-20130131-8.pdf
Government of the Republic of Korea,40000.00,12/31/12*,"Podesta Group, Inc.",,,http://www.fara.gov/docs/5926-Supplemental-Statement-20130131-8.pdf
Government of the Republic of Korea,20000.00,12/31/12*,"Podesta Group, Inc.",,,http://www.fara.gov/docs/5926-Supplemental-Statement-20130131-8.pdf
Government of the Republic of Korea,20000.00,12/31/12*,"Podesta Group, Inc.",,,http://www.fara.gov/docs/5926-Supplemental-Statement-20130131-8.pdf
Republic of Kosova,150000.00,12/31/12*,"Podesta Group, Inc.",,,http://www.fara.gov/docs/5926-Supplemental-Statement-20130131-8.pdf
Republic of Kosova,98132.16,12/31/12*,"Podesta Group, Inc.",,,http://www.fara.gov/docs/5926-Supplemental-Statement-20130131-8.pdf
Republic of Kosova,98270.80,12/31/12*,"Podesta Group, Inc.",,,http://www.fara.gov/docs/5926-Supplemental-Statement-20130131-8.pdf
Embassy Of Japan,15000.00,12/31/12*,"Podesta Group, Inc.",,,http://www.fara.gov/docs/5926-Supplemental-Statement-20130131-8.pdf
Sudan Liberation Movement (Abdul Wahid),2407.67,2013-01-23,Ester M. Sprange,Travel Expense Reimbursement,,http://www.fara.gov/docs/6091-Supplemental-Statement-20130430-2.pdf
China Council for the Promotion of International Trade,141060.00,2012-07-02,"Representative Office in the USA, CCPIT",Office Operating Expenses,,http://www.fara.gov/docs/6113-Supplemental-Statement-20130110-1.pdf
China Council for the Promotion of International Trade,142200.00,2012-10-10,"Representative Office in the USA, CCPIT",Office Operating Expenses,,http://www.fara.gov/docs/6113-Supplemental-Statement-20130110-1.pdf
China Council for the Promotion of International Trade,75000.00,2012-05-07,"Representative Office in the USA, CCPIT",office operational expenses,,http://www.fara.gov/docs/6113-Registration-Statement-20120706-1.pdf
"Bureau of Foreign Trade, Ministry of Economic Affairs, Government of the Republic of China (BOFT)",100960.00,05/31/13*,"C&M International, Ltd.",,,http://www.fara.gov/docs/3988-Supplemental-Statement-20130612-17.pdf
"Bureau of Foreign Trade, Ministry of Economic Affairs, Government of the Republic of China (BOFT)",11143.04,05/31/13*,"C&M International, Ltd.",,,http://www.fara.gov/docs/3988-Supplemental-Statement-20130612-17.pdf
"Bureau of Foreign Trade, Ministry of Economic Affairs, Government of the Republic of China (BOFT)",5539.79,05/31/13*,"C&M International, Ltd.",,,http://www.fara.gov/docs/3988-Supplemental-Statement-20130612-17.pdf
"Bureau of Foreign Trade, Ministry of Economic Affairs, Government of the Republic of China (BOFT)",317.00,05/31/13*,"C&M International, Ltd.",,,http://www.fara.gov/docs/3988-Supplemental-Statement-20130612-17.pdf
Banque du Liban,61617.59,2013-01-17,Patton Boggs LLP,,,http://www.fara.gov/docs/2165-Supplemental-Statement-20130717-18.pdf
Banque du Liban,50000.00,2013-02-13,Patton Boggs LLP,,,http://www.fara.gov/docs/2165-Supplemental-Statement-20130717-18.pdf
Banque du Liban,50231.00,2013-04-22,Patton Boggs LLP,,,http://www.fara.gov/docs/2165-Supplemental-Statement-20130717-18.pdf
Banque du Liban,108151.79,2013-05-14,Patton Boggs LLP,,,http://www.fara.gov/docs/2165-Supplemental-Statement-20130717-18.pdf
Banque du Liban,50097.00,2013-06-24,Patton Boggs LLP,,,http://www.fara.gov/docs/2165-Supplemental-Statement-20130717-18.pdf
The Government of the Republic of Cameroon,100000.00,2013-03-21,Patton Boggs LLP,,,http://www.fara.gov/docs/2165-Supplemental-Statement-20130717-18.pdf
The Government of the Republic of Cameroon,100000.00,2013-05-06,Patton Boggs LLP,,,http://www.fara.gov/docs/2165-Supplemental-Statement-20130717-18.pdf
Embassy of the People's Republic of China,3506.39,2013-04-01,Patton Boggs LLP,,,http://www.fara.gov/docs/2165-Supplemental-Statement-20130717-18.pdf
Government of the Republic of Croatia,18000.00,2013-02-19,Patton Boggs LLP,,,http://www.fara.gov/docs/2165-Supplemental-Statement-20130717-18.pdf
Embassy of Ecuador,130000.00,2013-02-01,Patton Boggs LLP,,,http://www.fara.gov/docs/2165-Supplemental-Statement-20130717-18.pdf
Embassy of Ecuador,68446.22,2013-03-12,Patton Boggs LLP,,,http://www.fara.gov/docs/2165-Supplemental-Statement-20130717-18.pdf
Embassy of Ecuador,65000.00,2013-03-19,Patton Boggs LLP,,,http://www.fara.gov/docs/2165-Supplemental-Statement-20130717-18.pdf
Embassy of Ecuador,65000.00,2013-04-18,Patton Boggs LLP,,,http://www.fara.gov/docs/2165-Supplemental-Statement-20130717-18.pdf
Embassy of Ecuador,65000.00,2013-05-21,Patton Boggs LLP,,,http://www.fara.gov/docs/2165-Supplemental-Statement-20130717-18.pdf
Embassy of Ecuador,65000.00,2013-06-10,Patton Boggs LLP,,,http://www.fara.gov/docs/2165-Supplemental-Statement-20130717-18.pdf
Government of Georgia,90000.00,2013-04-18,Patton Boggs LLP,,,http://www.fara.gov/docs/2165-Supplemental-Statement-20130717-18.pdf
Government of Georgia,90848.90,2013-05-13,Patton Boggs LLP,,,http://www.fara.gov/docs/2165-Supplemental-Statement-20130717-18.pdf
Government of Georgia,90226.81,2013-06-05,Patton Boggs LLP,,,http://www.fara.gov/docs/2165-Supplemental-Statement-20130717-18.pdf
Government of Kosovo,49255.26,2013-02-07,Patton Boggs LLP,,,http://www.fara.gov/docs/2165-Supplemental-Statement-20130717-18.pdf
Government of Kosovo,198802.87,2013-06-17,Patton Boggs LLP,,,http://www.fara.gov/docs/2165-Supplemental-Statement-20130717-18.pdf
Government of Libya (Formerly Transitional National Council of Libya),19066.77,2013-01-23,Patton Boggs LLP,,,http://www.fara.gov/docs/2165-Supplemental-Statement-20130717-18.pdf
Government of Libya (Formerly Transitional National Council of Libya),15160.30,2013-02-07,Patton Boggs LLP,,,http://www.fara.gov/docs/2165-Supplemental-Statement-20130717-18.pdf
Order of Malta,300.00,2013-02-11,Patton Boggs LLP,,,http://www.fara.gov/docs/2165-Supplemental-Statement-20130717-18.pdf
Order of Malta,300.00,2013-03-11,Patton Boggs LLP,,,http://www.fara.gov/docs/2165-Supplemental-Statement-20130717-18.pdf
Order of Malta,300.00,2013-04-11,Patton Boggs LLP,,,http://www.fara.gov/docs/2165-Supplemental-Statement-20130717-18.pdf
Order of Malta,300.00,2013-05-13,Patton Boggs LLP,,,http://www.fara.gov/docs/2165-Supplemental-Statement-20130717-18.pdf
Order of Malta,5644.84,2013-06-11,Patton Boggs LLP,,,http://www.fara.gov/docs/2165-Supplemental-Statement-20130717-18.pdf
Government of the State of Qatar,30013.24,2013-01-14,Patton Boggs LLP,,,http://www.fara.gov/docs/2165-Supplemental-Statement-20130717-18.pdf
Government of the State of Qatar,30016.78,2013-01-28,Patton Boggs LLP,,,http://www.fara.gov/docs/2165-Supplemental-Statement-20130717-18.pdf
Government of the State of Qatar,30000.14,2013-02-25,Patton Boggs LLP,,,http://www.fara.gov/docs/2165-Supplemental-Statement-20130717-18.pdf
Government of the State of Qatar,30305.00,2013-03-18,Patton Boggs LLP,,,http://www.fara.gov/docs/2165-Supplemental-Statement-20130717-18.pdf
Government of the State of Qatar,30000.00,2013-04-23,Patton Boggs LLP,,,http://www.fara.gov/docs/2165-Supplemental-Statement-20130717-18.pdf
Government of South Korea,40000.00,2013-04-04,Patton Boggs LLP,,,http://www.fara.gov/docs/2165-Supplemental-Statement-20130717-18.pdf
Government of South Korea,40000.00,2013-04-29,Patton Boggs LLP,,,http://www.fara.gov/docs/2165-Supplemental-Statement-20130717-18.pdf
Temasek Holdings,23043.00,2013-01-18,Patton Boggs LLP,,,http://www.fara.gov/docs/2165-Supplemental-Statement-20130717-18.pdf
Temasek Holdings,16156.25,2013-02-20,Patton Boggs LLP,,,http://www.fara.gov/docs/2165-Supplemental-Statement-20130717-18.pdf
Temasek Holdings,85000.00,2013-06-27,Patton Boggs LLP,,,http://www.fara.gov/docs/2165-Supplemental-Statement-20130717-18.pdf
Embassy of the Republic of Sudan,120000.00,05/31/13*,Law Office of Bart S. Fisher,,,http://www.fara.gov/docs/6076-Supplemental-Statement-20130616-4.pdf
Government of the Bahamas,1116983.55,2013-01-01,CMGRP Inc. DBA Weber Shandwick,"Media, Public Relations Services & Expense Reimbursement",,http://www.fara.gov/docs/3911-Supplemental-Statement-20130726-17.pdf
Temasek Holdings,118000.00,2013-01-01,CMGRP Inc. DBA Weber Shandwick,"Media, Public Relations Services & Expense Reimbursement",,http://www.fara.gov/docs/3911-Supplemental-Statement-20130726-17.pdf
Alliance for a Green Revolution in Africa (AGRA),16612.65,2013-01-01,CMGRP Inc. DBA Weber Shandwick,"Media, Public Relations Services & Expense Reimbursement",,http://www.fara.gov/docs/3911-Supplemental-Statement-20130726-17.pdf
The Government of Albania,180000.00,2013-04-16,"Podesta Group, Inc.",Fee,,http://www.fara.gov/docs/5926-Supplemental-Statement-20130730-9.pdf
The Government of Albania,19523.21,2013-04-16,"Podesta Group, Inc.",Reimbursement,,http://www.fara.gov/docs/5926-Supplemental-Statement-20130730-9.pdf
The Government of Albania,180000.00,2013-05-24,"Podesta Group, Inc.",Fee,,http://www.fara.gov/docs/5926-Supplemental-Statement-20130730-9.pdf
The Government of Albania,376.85,2013-05-24,"Podesta Group, Inc.",Reimbursement,,http://www.fara.gov/docs/5926-Supplemental-Statement-20130730-9.pdf
The Embassy of the Republic of Azerbaijan,30000.00,2013-01-19,"Podesta Group, Inc.",Fee,,http://www.fara.gov/docs/5926-Supplemental-Statement-20130730-9.pdf
The Embassy of the Republic of Azerbaijan,90000.00,2013-03-19,"Podesta Group, Inc.",Fee,,http://www.fara.gov/docs/5926-Supplemental-Statement-20130730-9.pdf
The Embassy of the Republic of Azerbaijan,35000.00,2013-04-02,"Podesta Group, Inc.",Fee,,http://www.fara.gov/docs/5926-Supplemental-Statement-20130730-9.pdf
The Embassy of the Republic of Azerbaijan,80000.00,2013-05-13,"Podesta Group, Inc.",Fee,,http://www.fara.gov/docs/5926-Supplemental-Statement-20130730-9.pdf
The Embassy of the Republic of Azerbaijan,125000.00,2013-06-25,"Podesta Group, Inc.",Fee,,http://www.fara.gov/docs/5926-Supplemental-Statement-20130730-9.pdf
The Embassy of the Republic of Azerbaijan,129.12,2013-03-19,"Podesta Group, Inc.",Reimbursement,,http://www.fara.gov/docs/5926-Supplemental-Statement-20130730-9.pdf
The Embassy of the Republic of Azerbaijan,235.43,2013-05-13,"Podesta Group, Inc.",Reimbursement,,http://www.fara.gov/docs/5926-Supplemental-Statement-20130730-9.pdf
The Embassy of the Republic of Azerbaijan,872.95,2013-06-25,"Podesta Group, Inc.",Reimbursement,,http://www.fara.gov/docs/5926-Supplemental-Statement-20130730-9.pdf
Government of the Republic of Cyprus,90000.00,2013-01-02,"Podesta Group, Inc.",Fee,,http://www.fara.gov/docs/5926-Supplemental-Statement-20130730-9.pdf
Government of the Republic of Cyprus,90000.00,2013-02-01,"Podesta Group, Inc.",Fee,,http://www.fara.gov/docs/5926-Supplemental-Statement-20130730-9.pdf
Government of the Republic of Cyprus,90000.00,2013-02-28,"Podesta Group, Inc.",Fee,,http://www.fara.gov/docs/5926-Supplemental-Statement-20130730-9.pdf
Government of the Republic of Cyprus,90000.00,2013-04-03,"Podesta Group, Inc.",Fee,,http://www.fara.gov/docs/5926-Supplemental-Statement-20130730-9.pdf
Government of the Republic of Cyprus,90000.00,2013-04-30,"Podesta Group, Inc.",Fee,,http://www.fara.gov/docs/5926-Supplemental-Statement-20130730-9.pdf
Government of the Republic of Cyprus,90000.00,2013-06-04,"Podesta Group, Inc.",Fee,,http://www.fara.gov/docs/5926-Supplemental-Statement-20130730-9.pdf
Hong Kong Trade Development Council,24973.00,2013-01-03,"Podesta Group, Inc.",Fee,,http://www.fara.gov/docs/5926-Supplemental-Statement-20130730-9.pdf
Hong Kong Trade Development Council,24973.00,2013-01-30,"Podesta Group, Inc.",Fee,,http://www.fara.gov/docs/5926-Supplemental-Statement-20130730-9.pdf
Hong Kong Trade Development Council,24973.00,2013-02-26,"Podesta Group, Inc.",Fee,,http://www.fara.gov/docs/5926-Supplemental-Statement-20130730-9.pdf
Hong Kong Trade Development Council,24973.00,2013-03-26,"Podesta Group, Inc.",Fee,,http://www.fara.gov/docs/5926-Supplemental-Statement-20130730-9.pdf
Hong Kong Trade Development Council,24973.00,2013-04-30,"Podesta Group, Inc.",Fee,,http://www.fara.gov/docs/5926-Supplemental-Statement-20130730-9.pdf
Hong Kong Trade Development Council,24973.00,2013-05-29,"Podesta Group, Inc.",Fee,,http://www.fara.gov/docs/5926-Supplemental-Statement-20130730-9.pdf
Government of India,58333.00,2013-01-07,"Podesta Group, Inc.",Fee,,http://www.fara.gov/docs/5926-Supplemental-Statement-20130730-9.pdf
Government of India,58333.00,2013-01-25,"Podesta Group, Inc.",Fee,,http://www.fara.gov/docs/5926-Supplemental-Statement-20130730-9.pdf
Government of India,58333.00,2013-03-07,"Podesta Group, Inc.",Fee,,http://www.fara.gov/docs/5926-Supplemental-Statement-20130730-9.pdf
Government of India,58333.00,2013-03-27,"Podesta Group, Inc.",Fee,,http://www.fara.gov/docs/5926-Supplemental-Statement-20130730-9.pdf
Government of India,58333.00,2013-04-25,"Podesta Group, Inc.",Fee,,http://www.fara.gov/docs/5926-Supplemental-Statement-20130730-9.pdf
Government of India,58333.00,2013-05-31,"Podesta Group, Inc.",Fee,,http://www.fara.gov/docs/5926-Supplemental-Statement-20130730-9.pdf
Embassy Of Japan,15000.00,2013-01-28,"Podesta Group, Inc.",Fee,,http://www.fara.gov/docs/5926-Supplemental-Statement-20130730-9.pdf
Embassy Of Japan,15000.00,2013-03-13,"Podesta Group, Inc.",Fee,,http://www.fara.gov/docs/5926-Supplemental-Statement-20130730-9.pdf
Embassy Of Japan,15000.00,2013-06-10,"Podesta Group, Inc.",Fee,,http://www.fara.gov/docs/5926-Supplemental-Statement-20130730-9.pdf
Embassy Of Japan,30000.00,2013-03-26,"Podesta Group, Inc.",Fee,,http://www.fara.gov/docs/5926-Supplemental-Statement-20130730-9.pdf
Republic of Iraq,240000.00,2013-02-05,"Podesta Group, Inc.",Fee,,http://www.fara.gov/docs/5926-Supplemental-Statement-20130730-9.pdf
Republic of Iraq,240000.00,2013-05-23,"Podesta Group, Inc.",Fee,,http://www.fara.gov/docs/5926-Supplemental-Statement-20130730-9.pdf
Republic of Iraq,30.00,2013-05-23,"Podesta Group, Inc.",Reimbursement,,http://www.fara.gov/docs/5926-Supplemental-Statement-20130730-9.pdf
Republic of Kosova,98864.65,2013-02-28,"Podesta Group, Inc.",Fee,,http://www.fara.gov/docs/5926-Supplemental-Statement-20130730-9.pdf
Republic of Kosova,195963.41,2013-06-28,"Podesta Group, Inc.",Fee,,http://www.fara.gov/docs/5926-Supplemental-Statement-20130730-9.pdf
Russian Federation,1913500.02,05/31/13*,Ketchum Inc.,,,http://www.fara.gov/docs/5758-Supplemental-Statement-20130801-20.pdf
Tourism Australia,236281.00,05/31/13*,Ketchum Inc.,,,http://www.fara.gov/docs/5758-Supplemental-Statement-20130801-20.pdf
Gazprom Export,3770703.54,05/31/13*,Ketchum Inc.,,,http://www.fara.gov/docs/5758-Supplemental-Statement-20130801-20.pdf
China Council for the Promotion of International Trade,94700.00,2013-03-02,"Representative Office in the USA, CCPIT",Office Operating Expenses,,http://www.fara.gov/docs/6113-Supplemental-Statement-20130807-2.pdf
China Council for the Promotion of International Trade,279702.56,2013-07-01,"Representative Office in the USA, CCPIT",Office Operating Expenses,,http://www.fara.gov/docs/6113-Supplemental-Statement-20130807-2.pdf
Govt of Mexico - Secretaria de Economia,174302.39,2013-02-01,Pillsbury Winthrop Shaw Pittman LLP,,,http://www.fara.gov/docs/5198-Supplemental-Statement-20130830-16.pdf
"International Counsel Bureau, Kuwaiti Counsel for the Families of Kuwaiti Citizens at Guantanamo Bay",415708.94,2013-02-01,Pillsbury Winthrop Shaw Pittman LLP,,,http://www.fara.gov/docs/5198-Supplemental-Statement-20130830-16.pdf
"King Abdullah City for Atomic and Renewable Energy (""KACARE"") ",355135.49,2013-02-01,Pillsbury Winthrop Shaw Pittman LLP,,,http://www.fara.gov/docs/5198-Supplemental-Statement-20130830-16.pdf
Government of the Republic of Korea,270000.00,2013-02-01,Pillsbury Winthrop Shaw Pittman LLP,,,http://www.fara.gov/docs/5198-Supplemental-Statement-20130830-16.pdf
The China-US Exchange Foundation,243900.00,2013-06-30,BLJ Worldwide LTD (Brown Lloyd James),Fees,,http://www.fara.gov/docs/5875-Supplemental-Statement-20130829-17.pdf
The China-US Exchange Foundation,219685.58,2013-06-30,BLJ Worldwide LTD (Brown Lloyd James),,,http://www.fara.gov/docs/5875-Supplemental-Statement-20130829-17.pdf
Republic of Ecuador,170584.82,2013-06-30,BLJ Worldwide LTD (Brown Lloyd James),Fees,,http://www.fara.gov/docs/5875-Supplemental-Statement-20130829-17.pdf
Republic of Ecuador,9415.18,2013-06-30,BLJ Worldwide LTD (Brown Lloyd James),Expenses,,http://www.fara.gov/docs/5875-Supplemental-Statement-20130829-17.pdf
International Bank of Azerbaijan,25000.00,08/31/13*,"JWI, LLC dba Jefferson Waterman International",,,http://www.fara.gov/docs/4990-Supplemental-Statement-20130924-17.pdf
International Bank of Azerbaijan,25000.00,08/31/13*,"JWI, LLC dba Jefferson Waterman International",,,http://www.fara.gov/docs/4990-Supplemental-Statement-20130924-17.pdf
International Bank of Azerbaijan,25000.00,08/31/13*,"JWI, LLC dba Jefferson Waterman International",,,http://www.fara.gov/docs/4990-Supplemental-Statement-20130924-17.pdf
International Bank of Azerbaijan,16440.38,08/31/13*,"JWI, LLC dba Jefferson Waterman International",,,http://www.fara.gov/docs/4990-Supplemental-Statement-20130924-17.pdf
International Bank of Azerbaijan,25000.00,08/31/13*,"JWI, LLC dba Jefferson Waterman International",,,http://www.fara.gov/docs/4990-Supplemental-Statement-20130924-17.pdf
International Bank of Azerbaijan,14392.96,08/31/13*,"JWI, LLC dba Jefferson Waterman International",,,http://www.fara.gov/docs/4990-Supplemental-Statement-20130924-17.pdf
International Bank of Azerbaijan,25000.00,08/31/13*,"JWI, LLC dba Jefferson Waterman International",,,http://www.fara.gov/docs/4990-Supplemental-Statement-20130924-17.pdf
International Bank of Azerbaijan,102.38,08/31/13*,"JWI, LLC dba Jefferson Waterman International",,,http://www.fara.gov/docs/4990-Supplemental-Statement-20130924-17.pdf
International Bank of Azerbaijan,25000.00,08/31/13*,"JWI, LLC dba Jefferson Waterman International",,,http://www.fara.gov/docs/4990-Supplemental-Statement-20130924-17.pdf
International Bank of Azerbaijan,25000.00,08/31/13*,"JWI, LLC dba Jefferson Waterman International",,,http://www.fara.gov/docs/4990-Supplemental-Statement-20130924-17.pdf
Embassy of the Republic of Korea to the United States,20000.00,08/31/13*,"JWI, LLC dba Jefferson Waterman International",Professional Staff Services,,http://www.fara.gov/docs/4990-Supplemental-Statement-20130924-17.pdf
Embassy of the Republic of Korea to the United States,20000.00,08/31/13*,"JWI, LLC dba Jefferson Waterman International",Professional Staff Services,,http://www.fara.gov/docs/4990-Supplemental-Statement-20130924-17.pdf
Embassy of the Republic of Korea to the United States,20000.00,08/31/13*,"JWI, LLC dba Jefferson Waterman International",Professional Staff Services,,http://www.fara.gov/docs/4990-Supplemental-Statement-20130924-17.pdf
Embassy of the Republic of Korea to the United States,20000.00,08/31/13*,"JWI, LLC dba Jefferson Waterman International",Professional Staff Services,,http://www.fara.gov/docs/4990-Supplemental-Statement-20130924-17.pdf
Sudanese Justice and Equality Movement,5000.00,2013-02-05,"JWI, LLC dba Jefferson Waterman International",Good Faith Deposit,,http://www.fara.gov/docs/4990-Supplemental-Statement-20130924-17.pdf
Government of Antigua and Barbuda,3614.22,2013-04-19,Hogan & Hartson LLP (Hogan Lovells US LLP),,,http://www.fara.gov/docs/2244-Supplemental-Statement-20130930-17.pdf
Government of Antigua and Barbuda,36095.13,2013-04-30,Hogan & Hartson LLP (Hogan Lovells US LLP),,,http://www.fara.gov/docs/2244-Supplemental-Statement-20130930-17.pdf
Government of Antigua and Barbuda,666.22,2013-05-14,Hogan & Hartson LLP (Hogan Lovells US LLP),,,http://www.fara.gov/docs/2244-Supplemental-Statement-20130930-17.pdf
Government of Antigua and Barbuda,5114.10,2013-05-15,Hogan & Hartson LLP (Hogan Lovells US LLP),,,http://www.fara.gov/docs/2244-Supplemental-Statement-20130930-17.pdf
Government of Antigua and Barbuda,8988.60,2013-06-20,Hogan & Hartson LLP (Hogan Lovells US LLP),,,http://www.fara.gov/docs/2244-Supplemental-Statement-20130930-17.pdf
Government of Antigua and Barbuda,25362.98,2013-07-18,Hogan & Hartson LLP (Hogan Lovells US LLP),,,http://www.fara.gov/docs/2244-Supplemental-Statement-20130930-17.pdf
Government of Japan,43492.90,2013-03-14,Hogan & Hartson LLP (Hogan Lovells US LLP),,,http://www.fara.gov/docs/2244-Supplemental-Statement-20130930-17.pdf
Government of Japan,88735.43,2013-03-27,Hogan & Hartson LLP (Hogan Lovells US LLP),,,http://www.fara.gov/docs/2244-Supplemental-Statement-20130930-17.pdf
Government of Japan,10000.00,2013-04-08,Hogan & Hartson LLP (Hogan Lovells US LLP),,,http://www.fara.gov/docs/2244-Supplemental-Statement-20130930-17.pdf
Government of Japan,97812.83,2013-06-10,Hogan & Hartson LLP (Hogan Lovells US LLP),,,http://www.fara.gov/docs/2244-Supplemental-Statement-20130930-17.pdf
Government of Japan,57592.30,2013-07-18,Hogan & Hartson LLP (Hogan Lovells US LLP),,,http://www.fara.gov/docs/2244-Supplemental-Statement-20130930-17.pdf
Government of Japan,10000.00,2013-08-05,Hogan & Hartson LLP (Hogan Lovells US LLP),,,http://www.fara.gov/docs/2244-Supplemental-Statement-20130930-17.pdf
Government of Japan,38524.46,2013-08-05,Hogan & Hartson LLP (Hogan Lovells US LLP),,,http://www.fara.gov/docs/2244-Supplemental-Statement-20130930-17.pdf
"Government of Ontario, Ministry of Northern Development, Mines and Forestry, and Ministry of Interna",5429.50,2013-03-06,Hogan & Hartson LLP (Hogan Lovells US LLP),,,http://www.fara.gov/docs/2244-Supplemental-Statement-20130930-17.pdf
"Government of Ontario, Ministry of Northern Development, Mines and Forestry, and Ministry of Interna",5886.50,2013-04-01,Hogan & Hartson LLP (Hogan Lovells US LLP),,,http://www.fara.gov/docs/2244-Supplemental-Statement-20130930-17.pdf
"Government of Ontario, Ministry of Northern Development, Mines and Forestry, and Ministry of Interna",31463.20,2013-05-22,Hogan & Hartson LLP (Hogan Lovells US LLP),,,http://www.fara.gov/docs/2244-Supplemental-Statement-20130930-17.pdf
"Government of Ontario, Ministry of Northern Development, Mines and Forestry, and Ministry of Interna",3607.50,2013-06-03,Hogan & Hartson LLP (Hogan Lovells US LLP),,,http://www.fara.gov/docs/2244-Supplemental-Statement-20130930-17.pdf
"Government of Ontario, Ministry of Northern Development, Mines and Forestry, and Ministry of Interna",26225.46,2013-07-24,Hogan & Hartson LLP (Hogan Lovells US LLP),,,http://www.fara.gov/docs/2244-Supplemental-Statement-20130930-17.pdf
"Government of Ontario, Ministry of Northern Development, Mines and Forestry, and Ministry of Interna",1436.50,2013-07-29,Hogan & Hartson LLP (Hogan Lovells US LLP),,,http://www.fara.gov/docs/2244-Supplemental-Statement-20130930-17.pdf
"Government of Ontario, Ministry of Northern Development, Mines and Forestry, and Ministry of Interna",2771.00,2013-08-05,Hogan & Hartson LLP (Hogan Lovells US LLP),,,http://www.fara.gov/docs/2244-Supplemental-Statement-20130930-17.pdf
Pemex-Exploracion y Produccion,1528000.00,2013-07-11,Hogan & Hartson LLP (Hogan Lovells US LLP),,,http://www.fara.gov/docs/2244-Supplemental-Statement-20130930-17.pdf
Pemex-Exploracion y Produccion,346400.00,2013-08-15,Hogan & Hartson LLP (Hogan Lovells US LLP),,,http://www.fara.gov/docs/2244-Supplemental-Statement-20130930-17.pdf
Royal Embassy of Saudi Arabia,9161.00,2013-05-02,Hogan & Hartson LLP (Hogan Lovells US LLP),,,http://www.fara.gov/docs/2244-Supplemental-Statement-20130930-17.pdf
Royal Embassy of Saudi Arabia,4685.99,2013-05-02,Hogan & Hartson LLP (Hogan Lovells US LLP),,,http://www.fara.gov/docs/2244-Supplemental-Statement-20130930-17.pdf
Royal Embassy of Saudi Arabia,75045.06,2013-05-30,Hogan & Hartson LLP (Hogan Lovells US LLP),,,http://www.fara.gov/docs/2244-Supplemental-Statement-20130930-17.pdf
Royal Embassy of Saudi Arabia,25887.00,2013-07-12,Hogan & Hartson LLP (Hogan Lovells US LLP),,,http://www.fara.gov/docs/2244-Supplemental-Statement-20130930-17.pdf
Royal Embassy of Saudi Arabia,28392.16,2013-07-12,Hogan & Hartson LLP (Hogan Lovells US LLP),,,http://www.fara.gov/docs/2244-Supplemental-Statement-20130930-17.pdf
Royal Embassy of Saudi Arabia,25499.21,2013-07-12,Hogan & Hartson LLP (Hogan Lovells US LLP),,,http://www.fara.gov/docs/2244-Supplemental-Statement-20130930-17.pdf
Royal Embassy of Saudi Arabia,115000.00,2013-07-26,Hogan & Hartson LLP (Hogan Lovells US LLP),,,http://www.fara.gov/docs/2244-Supplemental-Statement-20130930-17.pdf
Royal Embassy of Saudi Arabia,135000.00,2013-07-26,Hogan & Hartson LLP (Hogan Lovells US LLP),,,http://www.fara.gov/docs/2244-Supplemental-Statement-20130930-17.pdf
Royal Embassy of Saudi Arabia,76404.79,2013-08-19,Hogan & Hartson LLP (Hogan Lovells US LLP),,,http://www.fara.gov/docs/2244-Supplemental-Statement-20130930-17.pdf
Royal Embassy of Saudi Arabia,6562.00,2013-08-19,Hogan & Hartson LLP (Hogan Lovells US LLP),,,http://www.fara.gov/docs/2244-Supplemental-Statement-20130930-17.pdf
Central Bank of Somalia,870230.00,2013-09-30,"Shulman, Rogers, Gandal, Pordy & Ecker, P.A.","Legal fees and expenses for period February 18,2010 to July 12,2013",,http://www.fara.gov/docs/5976-Supplemental-Statement-20131022-7.pdf
Chu Youa Vang,3600.00,09/30/13*,"United Lao Council for Peace, Freedom and Reconstruction (ULCPFR)",medicine + personal needs,,http://www.fara.gov/docs/6130-Supplemental-Statement-20131107-2.pdf
Chu Youa Vang,190.00,09/30/13*,"United Lao Council for Peace, Freedom and Reconstruction (ULCPFR)",miscellaneous needs,,http://www.fara.gov/docs/6130-Supplemental-Statement-20131107-2.pdf
China Daily of Beijing,6482686.06,10/31/13*,China Daily Distribution Corporation,"Printing, Distributing and Satellite services",,http://www.fara.gov/docs/3457-Supplemental-Statement-20131129-18.pdf
Embassy of the Kingdom of Bahrain,239844.50,09/30/13*,Qorvis Communications LLC,,,http://www.fara.gov/docs/5483-Supplemental-Statement-20131129-17.pdf
Kurdistan Regional Government (previously known as Kurdish Democratic Party),70520.79,09/30/13*,Qorvis Communications LLC,,,http://www.fara.gov/docs/5483-Supplemental-Statement-20131129-17.pdf
Royal Embassy of Saudi Arabia,825000.00,09/30/13*,Qorvis Communications LLC,,,http://www.fara.gov/docs/5483-Supplemental-Statement-20131129-17.pdf
US Office of the National Coalition of Syrian Revolution and Opposition Forces (Syrian Coalition),153.92,10/31/13*,"Independent Diplomat, Inc.",,,http://www.fara.gov/docs/5860-Supplemental-Statement-20131127-11.pdf
US Office of the National Coalition of Syrian Revolution and Opposition Forces (Syrian Coalition),31300.00,10/31/13*,"Independent Diplomat, Inc.",,,http://www.fara.gov/docs/5860-Supplemental-Statement-20131127-11.pdf
US Office of the National Coalition of Syrian Revolution and Opposition Forces (Syrian Coalition),31471.85,10/31/13*,"Independent Diplomat, Inc.",,,http://www.fara.gov/docs/5860-Supplemental-Statement-20131127-11.pdf
US Office of the National Coalition of Syrian Revolution and Opposition Forces (Syrian Coalition),31721.60,10/31/13*,"Independent Diplomat, Inc.",,,http://www.fara.gov/docs/5860-Supplemental-Statement-20131127-11.pdf
US Office of the National Coalition of Syrian Revolution and Opposition Forces (Syrian Coalition),31235.80,10/31/13*,"Independent Diplomat, Inc.",,,http://www.fara.gov/docs/5860-Supplemental-Statement-20131127-11.pdf
Delegation of Catalonia to the United States of America,7800.00,10/31/13*,"Independent Diplomat, Inc.",,,http://www.fara.gov/docs/5860-Supplemental-Statement-20131127-11.pdf
Government of the Republic of Somaliland,15632.00,10/31/13*,"Independent Diplomat, Inc.",,,http://www.fara.gov/docs/5860-Supplemental-Statement-20131127-11.pdf
